content_title,place_name,address,latitude,longitude,region,kccf_exists,blog_exists,actor_data_exists,source_count,has_coordinates,duplicate_name_candidate,nearby_cross_source_candidate,coordinate_duplicate_candidate,address_quality,review_priority,review_reason,matched_place_name,matched_address,matched_source,distance_meters,recommended_action,review_status,review_note,candidate_id,candidate_classification,existing_place_id,merged_into_candidate_id,reviewed_place_name,reviewed_address,reviewed_latitude,reviewed_longitude,evidence_url,reviewed_at
그 해 우리는,생활맥주 연신내점,서울특별시 은평구 연서로27길 19,37.6181689654168,126.917231758365,서울,False,True,True,1,True,True,True,True,OK,HIGH,SAME_PLACE_NAME|COORDINATE_DUPLICATE|NEARBY_CROSS_SOURCE,생활맥주 연신내점,"서울특별시 은평구 연서로27길 19 1,2층",KCCF,4.3,CHECK_MERGE,REVIEWED,"동일 장소명과 동일 기본 주소이며 생활맥주 연신내점이 해당 주소의 1,2층 매장으로 확인되어 CP-0002로 병합",CP-0001,MERGE,,CP-0002,,,,,,2026-09-29
그 해 우리는,생활맥주 연신내점,"서울특별시 은평구 연서로27길 19 1,2층",37.6181332,126.9172137,서울,True,False,True,1,True,True,True,True,OK,HIGH,SAME_PLACE_NAME|COORDINATE_DUPLICATE|NEARBY_CROSS_SOURCE,생활맥주 연신내점,서울특별시 은평구 연서로27길 19,BLOG,4.3,CHECK_MERGE,REVIEWED,Blog/KCCF 후보가 동일 매장으로 확인되어 상세 주소가 있는 CP-0002를 대표 후보로 유지,CP-0002,NEW_PLACE,,,생활맥주 연신내점,"서울특별시 은평구 연서로27길 19 1,2층",,,,2026-09-29
빈센조,느린마을양조장,서울특별시 서초구 서초대로73길 7,37.4981314601413,127.02527908458,서울,False,True,True,1,True,False,True,True,OK,HIGH,COORDINATE_DUPLICATE|NEARBY_CROSS_SOURCE,느린마을양조장 강남점,서울특별시 서초구 서초대로73길 7 우송빌딩 지하1층,KCCF,1.3,CHECK_COORDINATES,REVIEWED,동일 기본 주소이며 느린마을양조장 강남점이 우송빌딩 지하1층 매장으로 확인되어 CP-0004로 병합,CP-0003,MERGE,,CP-0004,,,,,,2026-09-29
빈센조,느린마을양조장 강남점,서울특별시 서초구 서초대로73길 7 우송빌딩 지하1층,37.498122,127.02527,서울,True,False,True,1,True,False,True,True,OK,HIGH,COORDINATE_DUPLICATE|NEARBY_CROSS_SOURCE,느린마을양조장,서울특별시 서초구 서초대로73길 7,BLOG,1.3,CHECK_COORDINATES,REVIEWED,동일 장소 후보를 강남점 상세 명칭과 상세 주소 기준으로 대표 후보로 유지,CP-0004,NEW_PLACE,,,느린마을양조장 강남점,서울특별시 서초구 서초대로73길 7 우송빌딩 지하1층,,,,2026-09-29
사내맞선,에리트빌딩,서울특별시 영등포구 여의대방로65길 12,37.5196287135985,126.930031909349,서울,False,True,True,1,True,False,True,True,OK,HIGH,COORDINATE_DUPLICATE|NEARBY_CROSS_SOURCE,은성회관,서울특별시 영등포구 여의대방로65길 12 에리트빌딩 2층,KCCF,2.5,CHECK_COORDINATES,REVIEWED,은성회관이 실제 촬영지 근거와 더 직접적으로 일치하며 에리트빌딩 자체에 대한 별도 촬영지 근거가 없어 제외,CP-0005,REJECT,,,,,,,,2026-09-29
사내맞선,은성회관,서울특별시 영등포구 여의대방로65길 12 에리트빌딩 2층,37.519615,126.93001,서울,True,False,True,1,True,False,True,True,OK,HIGH,COORDINATE_DUPLICATE|NEARBY_CROSS_SOURCE,에리트빌딩,서울특별시 영등포구 여의대방로65길 12,BLOG,2.5,CHECK_COORDINATES,REVIEWED,에리트빌딩 2층에 위치한 별도 장소이며 촬영지 근거가 은성회관에 직접적으로 연결되어 대표 후보로 유지,CP-0006,NEW_PLACE,,,은성회관,서울특별시 영등포구 여의대방로65길 12 에리트빌딩 2층,,,,2026-09-29
스타트업,상사마을 39,서울특별시 강서구 개화10길 39,37.58699,126.80203,서울,True,False,True,1,True,False,False,True,OK,HIGH,COORDINATE_DUPLICATE,상사마을 8-15,서울특별시 강서구 개화12길 8-15,KCCF,0.0,CHECK_COORDINATES,REVIEWED,같은 상사마을 권역이지만 CP-0008과 촬영 위치와 촬영지 설명이 달라 별도 장소로 유지. 현재 동일 좌표는 원천 데이터 오류로 보여 실제 주소 기준 좌표 재확인 필요,CP-0007,NEW_PLACE,,,상사마을 39,서울특별시 강서구 개화10길 39,,,,2026-09-29
스타트업,상사마을 8-15,서울특별시 강서구 개화12길 8-15,37.58699,126.80203,서울,True,False,True,1,True,False,False,True,OK,HIGH,COORDINATE_DUPLICATE,상사마을 39,서울특별시 강서구 개화10길 39,KCCF,0.0,CHECK_COORDINATES,REVIEWED,같은 상사마을 권역이지만 CP-0007과 촬영 위치와 촬영지 설명이 달라 별도 장소로 유지. 현재 동일 좌표는 원천 데이터 오류로 보여 실제 주소 기준 좌표 재확인 필요,CP-0008,NEW_PLACE,,,상사마을 8-15,서울특별시 강서구 개화12길 8-15,,,,2026-09-29
여신강림,수노래연습장 홍대 본점,서울특별시 와우산로21길 37,37.55227,126.92171,서울,True,False,True,1,True,False,True,False,NEEDS_REVIEW,HIGH,NEARBY_CROSS_SOURCE|ADDRESS_NEEDS_REVIEW,홍대수노래방본점,서울특별시 마포구 와우산로21길 37,BLOG,7.8,CHECK_ADDRESS,REVIEWED,현재는 폐업한 장소이지만 과거 해당 주소의 촬영지 후보로 확인되어 유지. 현재 영업 여부와 촬영지 여부는 별개로 판단,CP-0009,NEW_PLACE,,,수노래연습장 홍대 본점,서울특별시 마포구 와우산로21길 37,,,,2026-09-29
그 해 우리는,JCC크리에이티브센터,서울특별시 종로구 창경궁로35길 45,37.5877669,127.002266,서울,True,True,True,2,True,False,False,False,OK,MEDIUM,MULTI_SOURCE,,,,,VERIFY_SOURCE,PENDING,,CP-0010,,,,,,,,,
그 해 우리는,미라보양과자점,서울특별시 마포구 성미산로29길 35-6,37.565637,126.92152,서울,True,True,True,2,True,False,False,False,OK,MEDIUM,MULTI_SOURCE,,,,,VERIFY_SOURCE,PENDING,,CP-0011,,,,,,,,,
그 해 우리는,신한금융투자빌딩,서울특별시 영등포구 여의대로 70,37.524832,126.92418,서울,True,True,True,2,True,False,False,False,OK,MEDIUM,MULTI_SOURCE,,,,,VERIFY_SOURCE,PENDING,,CP-0012,,,,,,,,,
그 해 우리는,자하슈퍼,서울특별시 종로구 자하문로42길 57,37.600253,126.96281,서울,True,True,True,2,True,False,True,False,OK,MEDIUM,NEARBY_CROSS_SOURCE|MULTI_SOURCE,자하주택,서울특별시 종로구 세검정로6길 70,KCCF,60.6,CHECK_NEARBY,PENDING,,CP-0013,,,,,,,,,
그 해 우리는,중앙고등학교,서울특별시 종로구 창덕궁길 164,37.584081,126.986846,서울,True,True,True,2,True,False,False,False,OK,MEDIUM,MULTI_SOURCE,,,,,VERIFY_SOURCE,PENDING,,CP-0014,,,,,,,,,
그 해 우리는,판자집,서울특별시 서대문구 연세로2길 29,37.55631,126.9385,서울,True,True,True,2,True,False,False,False,OK,MEDIUM,MULTI_SOURCE,,,,,VERIFY_SOURCE,PENDING,,CP-0015,,,,,,,,,
그 해 우리는,히게쯔라,서울특별시 마포구 양화로1길 42,37.55056,126.910386,서울,True,True,True,2,True,False,False,False,OK,MEDIUM,MULTI_SOURCE,,,,,VERIFY_SOURCE,PENDING,,CP-0016,,,,,,,,,
그 해 우리는,감고당길,서울특별시 종로구 안국동 177-1,37.5773274121075,126.982751523287,서울,False,True,True,1,True,False,True,False,OK,MEDIUM,NEARBY_CROSS_SOURCE,윤보선길,서울특별시 종로구 윤보선길,KCCF,92.5,CHECK_NEARBY,PENDING,,CP-0017,,,,,,,,,
그 해 우리는,비토사진관,서울특별시 종로구 창덕궁길 124,37.583047502383,126.989149801882,서울,False,True,True,1,True,False,True,False,OK,MEDIUM,NEARBY_CROSS_SOURCE,창덕궁5길,서울특별시 종로구 창덕궁5길,KCCF,46.9,CHECK_NEARBY,PENDING,,CP-0018,,,,,,,,,
그 해 우리는,윤보선길,서울특별시 종로구 윤보선길,37.577559,126.98376,서울,True,False,True,1,True,False,True,False,OK,MEDIUM,NEARBY_CROSS_SOURCE,감고당길,서울특별시 종로구 안국동 177-1,BLOG,92.5,CHECK_NEARBY,PENDING,,CP-0019,,,,,,,,,
그 해 우리는,자하주택,서울특별시 종로구 세검정로6길 70,37.600665,126.96326,서울,True,False,True,1,True,False,True,False,OK,MEDIUM,NEARBY_CROSS_SOURCE,자하슈퍼,서울특별시 종로구 자하문로42길 57,KCCF|BLOG,60.6,CHECK_NEARBY,PENDING,,CP-0020,,,,,,,,,
그 해 우리는,창덕궁5길,서울특별시 종로구 창덕궁5길,37.583469,126.98915,서울,True,False,True,1,True,False,True,False,OK,MEDIUM,NEARBY_CROSS_SOURCE,비토사진관,서울특별시 종로구 창덕궁길 124,BLOG,46.9,CHECK_NEARBY,PENDING,,CP-0021,,,,,,,,,
도깨비,경복궁,서울특별시 종로구 사직로 161,37.5806736,126.976952,서울,True,True,True,2,True,False,False,False,OK,MEDIUM,MULTI_SOURCE,,,,,VERIFY_SOURCE,PENDING,,CP-0022,,,,,,,,,
도깨비,운현궁 양관,서울특별시 종로구 삼일대로 460,37.576111,126.987749,서울,True,True,True,2,True,False,False,False,OK,MEDIUM,MULTI_SOURCE,,,,,VERIFY_SOURCE,PENDING,,CP-0023,,,,,,,,,
도깨비,자작나무이야기,서울특별시 종로구 율곡로1길 74-15,37.57864,126.98183,서울,True,True,True,2,True,False,True,False,OK,MEDIUM,NEARBY_CROSS_SOURCE|MULTI_SOURCE,이니스프리앞,서울특별시 종로구 율곡로3길 73,BLOG,27.2,CHECK_NEARBY,PENDING,,CP-0024,,,,,,,,,
도깨비,청계천로 81 빌딩,서울특별시 종로구 청계천로 81,37.56853,126.98657,서울,True,True,True,2,True,False,False,False,OK,MEDIUM,MULTI_SOURCE,,,,,VERIFY_SOURCE,PENDING,,CP-0025,,,,,,,,,
도깨비,감고당길,서울특별시 종로구 안국동 175-91,37.5766122831281,126.982684783861,서울,False,True,True,1,True,True,False,False,OK,MEDIUM,SAME_PLACE_NAME,감고당길,서울특별시 종로구 율곡로3길,KCCF,141.8,CHECK_MERGE,PENDING,,CP-0026,,,,,,,,,
도깨비,감고당길,서울특별시 종로구 율곡로3길,37.577861,126.982358,서울,True,False,True,1,True,True,True,False,OK,MEDIUM,SAME_PLACE_NAME,감고당길,서울특별시 종로구 안국동 175-91,BLOG,141.8,CHECK_MERGE,PENDING,,CP-0027,,,,,,,,,
도깨비,개뿔앞,서울특별시 종로구 낙산성곽서1길 26,37.5781776751424,127.008046580681,서울,False,True,True,1,True,False,True,False,OK,MEDIUM,NEARBY_CROSS_SOURCE,이화벽화마을,서울특별시 종로구 낙산성곽서1길 28,KCCF,6.1,CHECK_NEARBY,PENDING,,CP-0028,,,,,,,,,
도깨비,대학로거리,서울특별시 종로구 대학로11길 18,37.5823719837814,127.000662642151,서울,False,True,True,1,True,True,False,False,OK,MEDIUM,SAME_PLACE_NAME,대학로거리,서울특별시 종로구 명륜4가 103-12,BLOG,29.3,CHECK_MERGE,PENDING,,CP-0029,,,,,,,,,
도깨비,대학로거리,서울특별시 종로구 명륜4가 103-12,37.5822016042019,127.00091691894,서울,False,True,True,1,True,True,False,False,OK,MEDIUM,SAME_PLACE_NAME,대학로거리,서울특별시 종로구 대학로11길 18,BLOG,29.3,CHECK_MERGE,PENDING,,CP-0030,,,,,,,,,
도깨비,덕성여고옆,서울특별시 종로구 안국동 177-2,37.5774179305732,126.98253754193,서울,False,True,True,1,True,False,True,False,OK,MEDIUM,NEARBY_CROSS_SOURCE,감고당길,서울특별시 종로구 율곡로3길,KCCF,51.7,CHECK_NEARBY,PENDING,,CP-0031,,,,,,,,,
도깨비,배스킨라빈스앞,서울특별시 종로구 율곡로3길 74-1,37.5790128286847,126.982257656397,서울,False,True,True,1,True,False,True,False,OK,MEDIUM,NEARBY_CROSS_SOURCE,자작나무이야기,서울특별시 종로구 율곡로1길 74-15,KCCF|BLOG,56.0,CHECK_NEARBY,PENDING,,CP-0032,,,,,,,,,
도깨비,사간동골목,서울특별시 종로구 율곡로1길 40-31,37.5777868875472,126.981358063572,서울,False,True,True,1,True,False,True,False,OK,MEDIUM,NEARBY_CROSS_SOURCE,감고당길,서울특별시 종로구 율곡로3길,KCCF,88.5,CHECK_NEARBY,PENDING,,CP-0033,,,,,,,,,
도깨비,사근용답간인도교,서울특별시 성동구 사근동 235-1,37.562502,127.05006,서울,True,False,True,1,True,False,True,False,OK,MEDIUM,NEARBY_CROSS_SOURCE,용답역다리,서울특별시 성동구 용답길 86,BLOG,80.8,CHECK_NEARBY,PENDING,,CP-0034,,,,,,,,,
도깨비,성수동,서울특별시 성동구 성수이로7길 41,37.542615837437,127.05307667347,서울,False,True,True,1,True,False,True,False,OK,MEDIUM,NEARBY_CROSS_SOURCE,성수이로7길,서울특별시 성동구 연무장길 36,KCCF,28.4,CHECK_NEARBY,PENDING,,CP-0035,,,,,,,,,
도깨비,성수이로7길,서울특별시 성동구 연무장길 36,37.542826,127.05326,서울,True,False,True,1,True,False,True,False,OK,MEDIUM,NEARBY_CROSS_SOURCE,성수동,서울특별시 성동구 성수이로7길 41,BLOG,28.4,CHECK_NEARBY,PENDING,,CP-0036,,,,,,,,,
도깨비,솔트24앞,서울특별시 종로구 율곡로3길 75,37.5789806345291,126.982067925807,서울,False,True,True,1,True,False,True,False,OK,MEDIUM,NEARBY_CROSS_SOURCE,자작나무이야기,서울특별시 종로구 율곡로1길 74-15,KCCF|BLOG,43.3,CHECK_NEARBY,PENDING,,CP-0037,,,,,,,,,
도깨비,신촌벽화터널,서울특별시 서대문구 대신동 143-28,37.560188,126.94127,서울,True,False,True,1,True,False,True,False,OK,MEDIUM,NEARBY_CROSS_SOURCE,신촌설렁탕앞,서울특별시 서대문구 대신동 143-24,BLOG,32.8,CHECK_NEARBY,PENDING,,CP-0038,,,,,,,,,
도깨비,신촌설렁탕앞,서울특별시 서대문구 대신동 143-24,37.560454265275,126.941431020868,서울,False,True,True,1,True,False,True,False,OK,MEDIUM,NEARBY_CROSS_SOURCE,신촌벽화터널,서울특별시 서대문구 대신동 143-28,KCCF,32.8,CHECK_NEARBY,PENDING,,CP-0039,,,,,,,,,
도깨비,신촌터널,서울특별시 서대문구 신촌동 81-19,37.5602411424053,126.941720137752,서울,False,True,True,1,True,False,True,False,OK,MEDIUM,NEARBY_CROSS_SOURCE,신촌벽화터널,서울특별시 서대문구 대신동 143-28,KCCF,40.1,CHECK_NEARBY,PENDING,,CP-0040,,,,,,,,,
도깨비,용답역다리,서울특별시 성동구 용답길 86,37.5620049052662,127.050729309179,서울,False,True,True,1,True,False,True,False,OK,MEDIUM,NEARBY_CROSS_SOURCE,사근용답간인도교,서울특별시 성동구 사근동 235-1,KCCF,80.8,CHECK_NEARBY,PENDING,,CP-0041,,,,,,,,,
도깨비,이니스프리앞,서울특별시 종로구 율곡로3길 73,37.5788217844135,126.982035925833,서울,False,True,True,1,True,False,True,False,OK,MEDIUM,NEARBY_CROSS_SOURCE,자작나무이야기,서울특별시 종로구 율곡로1길 74-15,KCCF|BLOG,27.2,CHECK_NEARBY,PENDING,,CP-0042,,,,,,,,,
도깨비,이화벽화마을,서울특별시 종로구 낙산성곽서1길 28,37.578224,127.008009,서울,True,False,True,1,True,False,True,False,OK,MEDIUM,NEARBY_CROSS_SOURCE,개뿔앞,서울특별시 종로구 낙산성곽서1길 26,BLOG,6.1,CHECK_NEARBY,PENDING,,CP-0043,,,,,,,,,
도깨비,중앙고등학교,서울특별시 종로구 창덕궁길 164,37.584081,126.986846,서울,True,False,True,1,True,True,False,False,OK,MEDIUM,SAME_PLACE_NAME,중앙고등학교,서울특별시 종로구 창덕궁길 166,BLOG,104.6,CHECK_MERGE,PENDING,,CP-0044,,,,,,,,,
도깨비,중앙고등학교,서울특별시 종로구 창덕궁길 166,37.5831435729736,126.986744416271,서울,False,True,True,1,True,True,False,False,OK,MEDIUM,SAME_PLACE_NAME,중앙고등학교,서울특별시 종로구 창덕궁길 164,KCCF,104.6,CHECK_MERGE,PENDING,,CP-0045,,,,,,,,,
런온,JCC크리에이티브센터,서울특별시 종로구 창경궁로35길 45,37.5877669,127.002266,서울,True,True,True,2,True,False,False,False,OK,MEDIUM,MULTI_SOURCE,,,,,VERIFY_SOURCE,PENDING,,CP-0046,,,,,,,,,
런온,산마루 놀이터 (구 산마루 갤러리),서울특별시 종로구 창신동 23-350,37.575576,127.01252,서울,True,True,True,2,True,False,False,False,OK,MEDIUM,MULTI_SOURCE,,,,,VERIFY_SOURCE,PENDING,,CP-0047,,,,,,,,,
런온,용산가족공원,서울특별시 용산구 서빙고로 137,37.521532,126.98392,서울,True,True,True,2,True,False,False,False,OK,MEDIUM,MULTI_SOURCE,,,,,VERIFY_SOURCE,PENDING,,CP-0048,,,,,,,,,
런온,가회동골목,서울특별시 종로구 북촌로8길 7,37.5810592639486,126.985627382236,서울,False,True,True,1,True,False,True,False,OK,MEDIUM,NEARBY_CROSS_SOURCE,북촌로8길,서울특별시 종로구 북촌로8길,KCCF,33.5,CHECK_NEARBY,PENDING,,CP-0049,,,,,,,,,
런온,낙산공원,서울특별시 성북구 삼선교로4라길 31-1,37.5812139906406,127.008531569521,서울,False,True,True,1,True,True,False,False,OK,MEDIUM,SAME_PLACE_NAME,낙산공원,서울특별시 종로구 낙산길 41,KCCF,112.3,CHECK_MERGE,PENDING,,CP-0050,,,,,,,,,
런온,낙산공원,서울특별시 종로구 낙산길 41,37.580667,127.00746,서울,True,False,True,1,True,True,False,False,OK,MEDIUM,SAME_PLACE_NAME,낙산공원,서울특별시 성북구 삼선교로4라길 31-1,BLOG,112.3,CHECK_MERGE,PENDING,,CP-0051,,,,,,,,,
런온,낙산어린이집,서울특별시 종로구 창신길 210-11,37.5795467508656,127.010182884217,서울,False,True,True,1,True,False,True,False,OK,MEDIUM,NEARBY_CROSS_SOURCE,창신동 노란건물,서울특별시 종로구 창인12길 7-4,KCCF,19.5,CHECK_NEARBY,PENDING,,CP-0052,,,,,,,,,
런온,루카511,서울특별시 강남구 도산대로81길 40,37.526961,127.04688,서울,True,False,True,1,True,True,True,False,OK,MEDIUM,SAME_PLACE_NAME|NEARBY_CROSS_SOURCE,루카511,서울특별시 강남구 압구정로73길 22,BLOG,45.7,CHECK_MERGE,PENDING,,CP-0053,,,,,,,,,
런온,루카511,서울특별시 강남구 압구정로73길 22,37.5273695851949,127.046826359881,서울,False,True,True,1,True,True,True,False,OK,MEDIUM,SAME_PLACE_NAME|NEARBY_CROSS_SOURCE,루카511,서울특별시 강남구 도산대로81길 40,KCCF,45.7,CHECK_MERGE,PENDING,,CP-0054,,,,,,,,,
런온,북촌로8길,서울특별시 종로구 북촌로8길,37.581,126.986,서울,True,False,True,1,True,False,True,False,OK,MEDIUM,NEARBY_CROSS_SOURCE,가회동골목,서울특별시 종로구 북촌로8길 7,BLOG,33.5,CHECK_NEARBY,PENDING,,CP-0055,,,,,,,,,
런온,여의도공원,서울특별시 영등포구 여의공원로 68,37.5281241,126.925754,서울,True,False,True,1,True,True,False,False,OK,MEDIUM,SAME_PLACE_NAME,여의도공원,서울특별시 영등포구 여의도동 2,BLOG,466.3,CHECK_MERGE,PENDING,,CP-0056,,,,,,,,,
런온,여의도공원,서울특별시 영등포구 여의도동 2,37.525536061707,126.921593482156,서울,False,True,True,1,True,True,False,False,OK,MEDIUM,SAME_PLACE_NAME,여의도공원,서울특별시 영등포구 여의공원로 68,KCCF,466.3,CHECK_MERGE,PENDING,,CP-0057,,,,,,,,,
런온,용화당한의원,서울특별시 종로구 안국동 176-3,37.5774015914064,126.98294056116,서울,False,True,True,1,True,False,True,False,OK,MEDIUM,NEARBY_CROSS_SOURCE,윤보선길,서울특별시 종로구 윤보선길,KCCF,74.3,CHECK_NEARBY,PENDING,,CP-0058,,,,,,,,,
런온,윤보선길,서울특별시 종로구 윤보선길,37.577559,126.98376,서울,True,False,True,1,True,False,True,False,OK,MEDIUM,NEARBY_CROSS_SOURCE,용화당한의원,서울특별시 종로구 안국동 176-3,BLOG,74.3,CHECK_NEARBY,PENDING,,CP-0059,,,,,,,,,
런온,창신동 노란건물,서울특별시 종로구 창인12길 7-4,37.579388,127.01009,서울,True,False,True,1,True,False,True,False,OK,MEDIUM,NEARBY_CROSS_SOURCE,낙산어린이집,서울특별시 종로구 창신길 210-11,BLOG,19.5,CHECK_NEARBY,PENDING,,CP-0060,,,,,,,,,
미생,고대포,서울특별시 용산구 원효로 197-1,37.536972,126.963976,서울,True,True,True,2,True,False,False,False,OK,MEDIUM,MULTI_SOURCE,,,,,VERIFY_SOURCE,PENDING,,CP-0061,,,,,,,,,
미생,서머셋팰리스서울,서울특별시 종로구 율곡로2길 7,37.575128,126.981187,서울,True,True,True,2,True,False,False,False,OK,MEDIUM,MULTI_SOURCE,,,,,VERIFY_SOURCE,PENDING,,CP-0062,,,,,,,,,
미생,서울스퀘어,서울특별시 중구 한강대로 416,37.555478,126.973721,서울,True,True,True,2,True,False,False,False,OK,MEDIUM,MULTI_SOURCE,,,,,VERIFY_SOURCE,PENDING,,CP-0063,,,,,,,,,
미생,원조마포껍데기집,서울특별시 마포구 효창목길 9,37.547451,126.959196,서울,True,True,True,2,True,False,False,False,OK,MEDIUM,MULTI_SOURCE,,,,,VERIFY_SOURCE,PENDING,,CP-0064,,,,,,,,,
미생,낙산공원,서울특별시 종로구 낙산길 41,37.580667,127.00746,서울,True,False,True,1,True,True,True,False,OK,MEDIUM,SAME_PLACE_NAME|NEARBY_CROSS_SOURCE,낙산공원,서울특별시 종로구 동숭동 산 2-32,BLOG,68.2,CHECK_MERGE,PENDING,,CP-0065,,,,,,,,,
미생,낙산공원,서울특별시 종로구 동숭동 산 2-32,37.5803305961933,127.008106700999,서울,False,True,True,1,True,True,True,False,OK,MEDIUM,SAME_PLACE_NAME|NEARBY_CROSS_SOURCE,낙산공원,서울특별시 종로구 낙산길 41,KCCF,68.2,CHECK_MERGE,PENDING,,CP-0066,,,,,,,,,
미생,반포한강공원,서울특별시 서초구 올림픽대로 2085-14,37.5124362037118,126.995962256954,서울,False,True,True,1,True,False,True,False,OK,MEDIUM,NEARBY_CROSS_SOURCE,세빛섬,서울특별시 서초구 올림픽대로 683,KCCF,74.6,CHECK_NEARBY,PENDING,,CP-0067,,,,,,,,,
미생,북촌로6길,서울특별시 종로구 북촌로6길,37.580048,126.98545,서울,True,False,True,1,True,False,True,False,OK,MEDIUM,NEARBY_CROSS_SOURCE,재동초,서울특별시 종로구 북촌로6길 1,BLOG,24.7,CHECK_NEARBY,PENDING,,CP-0068,,,,,,,,,
미생,성수동카페거리,서울특별시 성동구 아차산로 92-1,37.542965,127.05659,서울,True,False,True,1,True,False,True,False,OK,MEDIUM,NEARBY_CROSS_SOURCE,세라,서울특별시 성동구 성수이로 89,BLOG,24.9,CHECK_NEARBY,PENDING,,CP-0069,,,,,,,,,
미생,세라,서울특별시 성동구 성수이로 89,37.5430148320311,127.056314421147,서울,False,True,True,1,True,False,True,False,OK,MEDIUM,NEARBY_CROSS_SOURCE,성수동카페거리,서울특별시 성동구 아차산로 92-1,KCCF,24.9,CHECK_NEARBY,PENDING,,CP-0070,,,,,,,,,
미생,세빛섬,서울특별시 서초구 올림픽대로 683,37.512019,126.9953,서울,True,False,True,1,True,False,True,False,OK,MEDIUM,NEARBY_CROSS_SOURCE,반포한강공원,서울특별시 서초구 올림픽대로 2085-14,BLOG,74.6,CHECK_NEARBY,PENDING,,CP-0071,,,,,,,,,
미생,안국역,서울특별시 종로구 율곡로 62,37.576655,126.98573,서울,True,False,True,1,True,True,False,False,OK,MEDIUM,SAME_PLACE_NAME,안국역,서울특별시 종로구 율곡로 64,BLOG,106.2,CHECK_MERGE,PENDING,,CP-0072,,,,,,,,,
미생,안국역,서울특별시 종로구 율곡로 64,37.5768625825507,126.986906847974,서울,False,True,True,1,True,True,False,False,OK,MEDIUM,SAME_PLACE_NAME,안국역,서울특별시 종로구 율곡로 62,KCCF,106.2,CHECK_MERGE,PENDING,,CP-0073,,,,,,,,,
미생,재동초,서울특별시 종로구 북촌로6길 1,37.5801437110467,126.985197583884,서울,False,True,True,1,True,False,True,False,OK,MEDIUM,NEARBY_CROSS_SOURCE,북촌로6길,서울특별시 종로구 북촌로6길,KCCF,24.7,CHECK_NEARBY,PENDING,,CP-0074,,,,,,,,,
미생,합정역,서울특별시 마포구 양화로 지하 55,37.549167,126.91361,서울,True,False,True,1,True,True,True,False,OK,MEDIUM,SAME_PLACE_NAME|NEARBY_CROSS_SOURCE,합정역,서울특별시 마포구 합정동 402,BLOG,90.7,CHECK_MERGE,PENDING,,CP-0075,,,,,,,,,
미생,합정역,서울특별시 마포구 합정동 402,37.5498466462436,126.914178132067,서울,False,True,True,1,True,True,True,False,OK,MEDIUM,SAME_PLACE_NAME|NEARBY_CROSS_SOURCE,합정역,서울특별시 마포구 양화로 지하 55,KCCF,90.7,CHECK_MERGE,PENDING,,CP-0076,,,,,,,,,
빈센조,구구당,서울특별시 강남구 강남대로102길 35,37.503266,127.02788,서울,True,True,True,2,True,False,False,False,OK,MEDIUM,MULTI_SOURCE,,,,,VERIFY_SOURCE,PENDING,,CP-0077,,,,,,,,,
빈센조,비앤테일러,서울특별시 강남구 도산대로81길 31,37.52635,127.047,서울,True,True,True,2,True,False,False,False,OK,MEDIUM,MULTI_SOURCE,,,,,VERIFY_SOURCE,PENDING,,CP-0078,,,,,,,,,
빈센조,서대문형무소역사관,서울특별시 서대문구 통일로 251,37.574692,126.95649,서울,True,True,True,2,True,False,False,False,OK,MEDIUM,MULTI_SOURCE,,,,,VERIFY_SOURCE,PENDING,,CP-0079,,,,,,,,,
빈센조,서울디자인재단,서울특별시 중구 을지로 281,37.566752,127.0101,서울,True,True,True,2,True,False,False,False,OK,MEDIUM,MULTI_SOURCE,,,,,VERIFY_SOURCE,PENDING,,CP-0080,,,,,,,,,
빈센조,쉐이크쉑 청담점,서울특별시 강남구 도산대로 327,37.5230834,127.0376045,서울,True,True,True,2,True,False,False,False,OK,MEDIUM,MULTI_SOURCE,,,,,VERIFY_SOURCE,PENDING,,CP-0081,,,,,,,,,
빈센조,어른이대공원 합정점,서울특별시 마포구 양화로6길 100,37.54822,126.9196,서울,True,True,True,2,True,False,False,False,OK,MEDIUM,MULTI_SOURCE,,,,,VERIFY_SOURCE,PENDING,,CP-0082,,,,,,,,,
빈센조,언더스탠드 에비뉴,서울특별시 성동구 왕십리로 63,37.543534,127.043785,서울,True,True,True,2,True,False,False,False,OK,MEDIUM,MULTI_SOURCE,,,,,VERIFY_SOURCE,PENDING,,CP-0083,,,,,,,,,
빈센조,장안빌딩,서울특별시 종로구 종로 65,37.570472,126.98468,서울,True,True,True,2,True,False,False,False,OK,MEDIUM,MULTI_SOURCE,,,,,VERIFY_SOURCE,PENDING,,CP-0084,,,,,,,,,
빈센조,카페 할아버지공장,서울특별시 성동구 성수이로7가길 9,37.5411105,127.054858,서울,True,True,True,2,True,False,False,False,OK,MEDIUM,MULTI_SOURCE,,,,,VERIFY_SOURCE,PENDING,,CP-0085,,,,,,,,,
빈센조,커먼 그라운드,서울특별시 광진구 아차산로 200,37.541164,127.06608,서울,True,True,True,2,True,False,False,False,OK,MEDIUM,MULTI_SOURCE,,,,,VERIFY_SOURCE,PENDING,,CP-0086,,,,,,,,,
빈센조,콜린,서울특별시 마포구 어울마당로 45,37.549176,126.9204,서울,True,True,True,2,True,False,False,False,OK,MEDIUM,MULTI_SOURCE,,,,,VERIFY_SOURCE,PENDING,,CP-0087,,,,,,,,,
빈센조,파크하얏트 서울,서울특별시 강남구 테헤란로 606,37.508534,127.06415,서울,True,True,True,2,True,False,False,False,OK,MEDIUM,MULTI_SOURCE,,,,,VERIFY_SOURCE,PENDING,,CP-0088,,,,,,,,,
빈센조,동작대교,서울특별시 용산구 이촌동 386,37.5081188636636,126.981703171547,서울,False,True,True,1,True,True,False,False,OK,MEDIUM,SAME_PLACE_NAME,동작대교,서울특별시 용산구 이촌동 동작대교,KCCF,255.3,CHECK_MERGE,PENDING,,CP-0089,,,,,,,,,
빈센조,동작대교,서울특별시 용산구 이촌동 동작대교,37.51041,126.981893,서울,True,False,True,1,True,True,False,False,OK,MEDIUM,SAME_PLACE_NAME,동작대교,서울특별시 용산구 이촌동 386,BLOG,255.3,CHECK_MERGE,PENDING,,CP-0090,,,,,,,,,
빈센조,서울로7017,서울특별시 중구 봉래동2가 122-16,37.557836402471,126.971044011536,서울,False,True,True,1,True,True,False,False,OK,MEDIUM,SAME_PLACE_NAME,서울로7017,서울특별시 중구 청파로 432,KCCF,279.6,CHECK_MERGE,PENDING,,CP-0091,,,,,,,,,
빈센조,서울로7017,서울특별시 중구 청파로 432,37.556524,126.97375,서울,True,False,True,1,True,True,False,False,OK,MEDIUM,SAME_PLACE_NAME,서울로7017,서울특별시 중구 봉래동2가 122-16,BLOG,279.6,CHECK_MERGE,PENDING,,CP-0092,,,,,,,,,
빈센조,석파랑,서울특별시 종로구 자하문로 301,37.5991616788409,126.959453904279,서울,False,True,True,1,True,True,True,False,OK,MEDIUM,SAME_PLACE_NAME|NEARBY_CROSS_SOURCE,석파랑,서울특별시 종로구 자하문로 309,KCCF,67.0,CHECK_MERGE,PENDING,,CP-0093,,,,,,,,,
빈센조,석파랑,서울특별시 종로구 자하문로 309,37.59932,126.95872,서울,True,False,True,1,True,True,True,False,OK,MEDIUM,SAME_PLACE_NAME|NEARBY_CROSS_SOURCE,석파랑,서울특별시 종로구 자하문로 301,BLOG,67.0,CHECK_MERGE,PENDING,,CP-0094,,,,,,,,,
빈센조,우정국로2길,서울특별시 종로구 우정국로2길,37.569547,126.98445,서울,True,False,True,1,True,False,True,False,OK,MEDIUM,NEARBY_CROSS_SOURCE,젊음의거 리,서울특별시 종로구 우정국로2길 41,BLOG,83.8,CHECK_NEARBY,PENDING,,CP-0095,,,,,,,,,
빈센조,젊음의거 리,서울특별시 종로구 우정국로2길 41,37.5696663382871,126.985389032633,서울,False,True,True,1,True,False,True,False,OK,MEDIUM,NEARBY_CROSS_SOURCE,우정국로2길,서울특별시 종로구 우정국로2길,KCCF,83.8,CHECK_NEARBY,PENDING,,CP-0096,,,,,,,,,
사내맞선,더리버,서울특별시 용산구 용산동6가 451,37.507108,126.98472,서울,True,True,True,2,True,False,False,False,OK,MEDIUM,MULTI_SOURCE,,,,,VERIFY_SOURCE,PENDING,,CP-0097,,,,,,,,,
사내맞선,마들원,서울특별시 노원구 공릉로62길 27-11,37.636388,127.07128,서울,True,True,True,2,True,False,False,False,OK,MEDIUM,MULTI_SOURCE,,,,,VERIFY_SOURCE,PENDING,,CP-0098,,,,,,,,,
사내맞선,멍텅구리즉석떡볶이 공릉점,서울특별시 노원구 공릉로51길 14-2,37.62878,127.07643,서울,True,True,True,2,True,False,False,False,OK,MEDIUM,MULTI_SOURCE,,,,,VERIFY_SOURCE,PENDING,,CP-0099,,,,,,,,,
사내맞선,몽마르뜨언덕위 은하수다방,서울특별시 마포구 토정로 33-1,37.54572,126.91467,서울,True,True,True,2,True,False,False,False,OK,MEDIUM,MULTI_SOURCE,,,,,VERIFY_SOURCE,PENDING,,CP-0100,,,,,,,,,
사내맞선,연남장,서울특별시 서대문구 연희로5길 22,37.564338,126.927572,서울,True,True,True,2,True,False,False,False,OK,MEDIUM,MULTI_SOURCE,,,,,VERIFY_SOURCE,PENDING,,CP-0101,,,,,,,,,
사내맞선,캐틀앤비 양재점,서울특별시 서초구 양재천로 131,37.478813,127.04192,서울,True,True,True,2,True,False,False,False,OK,MEDIUM,MULTI_SOURCE,,,,,VERIFY_SOURCE,PENDING,,CP-0102,,,,,,,,,
사내맞선,동작대교,서울특별시 용산구 이촌동 357,37.5068814381296,126.979592914469,서울,False,True,True,1,True,True,False,False,OK,MEDIUM,SAME_PLACE_NAME,동작대교,서울특별시 용산구 이촌동 동작대교,KCCF,441.7,CHECK_MERGE,PENDING,,CP-0103,,,,,,,,,
사내맞선,동작대교,서울특별시 용산구 이촌동 동작대교,37.51041,126.981893,서울,True,False,True,1,True,True,False,False,OK,MEDIUM,SAME_PLACE_NAME,동작대교,서울특별시 용산구 이촌동 357,BLOG,441.7,CHECK_MERGE,PENDING,,CP-0104,,,,,,,,,
스타트업,노들섬,서울특별시 용산구 양녕로 445,37.5181029,126.957064,서울,True,True,True,2,True,False,False,False,OK,MEDIUM,MULTI_SOURCE,,,,,VERIFY_SOURCE,PENDING,,CP-0105,,,,,,,,,
스타트업,동대문B동신발종합상가,서울특별시 종로구 청계천로 307,37.57005,127.0123,서울,True,True,True,2,True,False,False,False,OK,MEDIUM,MULTI_SOURCE,,,,,VERIFY_SOURCE,PENDING,,CP-0106,,,,,,,,,
스타트업,서울파이낸스센터,서울특별시 중구 세종대로 136,37.5684113,126.977714,서울,True,True,True,2,True,False,False,False,OK,MEDIUM,MULTI_SOURCE,,,,,VERIFY_SOURCE,PENDING,,CP-0107,,,,,,,,,
스타트업,에이스빌딩,서울특별시 서초구 서초대로41길 19,37.49361,127.0075,서울,True,True,True,2,True,False,False,False,OK,MEDIUM,MULTI_SOURCE,,,,,VERIFY_SOURCE,PENDING,,CP-0108,,,,,,,,,
스타트업,올드문래,서울특별시 영등포구 도림로 433-6,37.5138911,126.8942605,서울,True,True,True,2,True,False,False,False,OK,MEDIUM,MULTI_SOURCE,,,,,VERIFY_SOURCE,PENDING,,CP-0109,,,,,,,,,
스타트업,투썸플레이스 내방역점,서울특별시 서초구 서초대로 99,37.487801,126.99302,서울,True,True,True,2,True,False,False,False,OK,MEDIUM,MULTI_SOURCE,,,,,VERIFY_SOURCE,PENDING,,CP-0110,,,,,,,,,
스타트업,양재시민의숲역,서울특별시 서초구 매헌로 116,37.469784,127.03846,서울,True,False,True,1,True,True,True,False,OK,MEDIUM,SAME_PLACE_NAME|NEARBY_CROSS_SOURCE,양재시민의숲역,서울특별시 서초구 양재동 237-2,BLOG,41.8,CHECK_MERGE,PENDING,,CP-0111,,,,,,,,,
스타트업,양재시민의숲역,서울특별시 서초구 양재동 237-2,37.4701573374509,127.038519736854,서울,False,True,True,1,True,True,True,False,OK,MEDIUM,SAME_PLACE_NAME|NEARBY_CROSS_SOURCE,양재시민의숲역,서울특별시 서초구 매헌로 116,KCCF,41.8,CHECK_MERGE,PENDING,,CP-0112,,,,,,,,,
스타트업,한강대교,서울특별시 용산구 이촌동 327,37.5156209578558,126.957206227528,서울,False,True,True,1,True,True,False,False,OK,MEDIUM,SAME_PLACE_NAME,한강대교,서울특별시 용산구 이촌동 한강대교,KCCF,259.8,CHECK_MERGE,PENDING,,CP-0113,,,,,,,,,
스타트업,한강대교,서울특별시 용산구 이촌동 한강대교,37.517492,126.95897,서울,True,False,True,1,True,True,False,False,OK,MEDIUM,SAME_PLACE_NAME,한강대교,서울특별시 용산구 이촌동 327,BLOG,259.8,CHECK_MERGE,PENDING,,CP-0114,,,,,,,,,
알고있지만,몽마르뜨언덕위 은하수다방,서울특별시 마포구 토정로 33-1,37.54572,126.91467,서울,True,True,True,2,True,False,False,False,OK,MEDIUM,MULTI_SOURCE,,,,,VERIFY_SOURCE,PENDING,,CP-0115,,,,,,,,,
알고있지만,소월로 계단 3번,서울특별시 용산구 소월로 168,37.547514,126.98424,서울,True,True,True,2,True,False,True,False,OK,MEDIUM,NEARBY_CROSS_SOURCE|MULTI_SOURCE,후암동 옥탑방,서울특별시 용산구 두텁바위로60길 78,KCCF|BLOG,74.3,CHECK_NEARBY,PENDING,,CP-0116,,,,,,,,,
알고있지만,와우산로22길,서울특별시 마포구 와우산로22길 34,37.55098,126.9241,서울,True,True,True,2,True,False,False,False,OK,MEDIUM,MULTI_SOURCE,,,,,VERIFY_SOURCE,PENDING,,CP-0117,,,,,,,,,
알고있지만,은행어린이공원,서울특별시 마포구 성미산로29길 17-3,37.564575,126.92228,서울,True,True,True,2,True,False,True,False,OK,MEDIUM,NEARBY_CROSS_SOURCE|MULTI_SOURCE,인시즌,서울특별시 마포구 성미산로29길 16,BLOG,41.7,CHECK_NEARBY,PENDING,,CP-0118,,,,,,,,,
알고있지만,의외의조합,서울특별시 중구 동호로17길 121,37.553763,127.00461,서울,True,True,True,2,True,False,False,False,OK,MEDIUM,MULTI_SOURCE,,,,,VERIFY_SOURCE,PENDING,,CP-0119,,,,,,,,,
알고있지만,콜린,서울특별시 마포구 어울마당로 45,37.549176,126.9204,서울,True,True,True,2,True,False,False,False,OK,MEDIUM,MULTI_SOURCE,,,,,VERIFY_SOURCE,PENDING,,CP-0120,,,,,,,,,
알고있지만,피자알볼로 역삼직영점,서울특별시 강남구 역삼로 148,37.494547,127.03559,서울,True,True,True,2,True,False,False,False,OK,MEDIUM,MULTI_SOURCE,,,,,VERIFY_SOURCE,PENDING,,CP-0121,,,,,,,,,
알고있지만,현대카드 뮤직 라이브러리,서울특별시 용산구 이태원로 246,37.53665,127.00059,서울,True,True,True,2,True,False,False,False,OK,MEDIUM,MULTI_SOURCE,,,,,VERIFY_SOURCE,PENDING,,CP-0122,,,,,,,,,
알고있지만,후암동 옥탑방,서울특별시 용산구 두텁바위로60길 78,37.548122,126.98389,서울,True,True,True,2,True,False,True,False,OK,MEDIUM,NEARBY_CROSS_SOURCE|MULTI_SOURCE,소월로 계단 3번,서울특별시 용산구 소월로 168,KCCF|BLOG,74.3,CHECK_NEARBY,PENDING,,CP-0123,,,,,,,,,
알고있지만,성미산로29길,서울특별시 마포구 성미산로29길 3,37.564235,126.92285,서울,True,False,True,1,True,False,True,False,OK,MEDIUM,NEARBY_CROSS_SOURCE,은행어린이공원,서울특별시 마포구 성미산로29길 17-3,KCCF|BLOG,62.9,CHECK_NEARBY,PENDING,,CP-0124,,,,,,,,,
알고있지만,인시즌,서울특별시 마포구 성미산로29길 16,37.5648510960869,126.922599846381,서울,False,True,True,1,True,False,True,False,OK,MEDIUM,NEARBY_CROSS_SOURCE,은행어린이공원,서울특별시 마포구 성미산로29길 17-3,KCCF|BLOG,41.7,CHECK_NEARBY,PENDING,,CP-0125,,,,,,,,,
여신강림,N서울타워,서울특별시 용산구 남산공원길 105,37.551168,126.98824,서울,True,True,True,2,True,False,False,False,OK,MEDIUM,MULTI_SOURCE,,,,,VERIFY_SOURCE,PENDING,,CP-0126,,,,,,,,,
여신강림,가비아노,서울특별시 종로구 대학로 122,37.58214,127.0022,서울,True,True,True,2,True,False,True,False,OK,MEDIUM,NEARBY_CROSS_SOURCE|MULTI_SOURCE,KFC 대학로점,서울특별시 종로구 대학로 120,BLOG,30.5,CHECK_NEARBY,PENDING,,CP-0127,,,,,,,,,
여신강림,공룡슈퍼 홍대점,서울특별시 마포구 와우산로17길 10,37.55027,126.9225,서울,True,True,True,2,True,False,False,False,OK,MEDIUM,MULTI_SOURCE,,,,,VERIFY_SOURCE,PENDING,,CP-0128,,,,,,,,,
여신강림,꽃라온,서울특별시 종로구 계동길 116,37.58249,126.9869,서울,True,True,True,2,True,False,True,False,OK,MEDIUM,NEARBY_CROSS_SOURCE|MULTI_SOURCE,닌옆골목2,서울특별시 종로구 계동길 117,BLOG,12.5,CHECK_NEARBY,PENDING,,CP-0129,,,,,,,,,
여신강림,남도분식 익선점,서울특별시 종로구 수표로28길 33,37.57315,126.9901,서울,True,True,True,2,True,False,True,False,OK,MEDIUM,NEARBY_CROSS_SOURCE|MULTI_SOURCE,익선동콤콤오락실,서울특별시 종로구 수표로28길 23-6,BLOG,13.0,CHECK_NEARBY,PENDING,,CP-0130,,,,,,,,,
여신강림,대현문화공원,서울특별시 서대문구 대현동 146,37.557639,126.94551,서울,True,True,True,2,True,False,True,False,OK,MEDIUM,NEARBY_CROSS_SOURCE|MULTI_SOURCE,모모커피마카롱,서울특별시 서대문구 이화여대길 22,BLOG,47.7,CHECK_NEARBY,PENDING,,CP-0131,,,,,,,,,
여신강림,멍텅구리즉석떡볶이 공릉점,서울특별시 노원구 공릉로51길 14-2,37.62878,127.0764,서울,True,True,True,2,True,False,False,False,OK,MEDIUM,MULTI_SOURCE,,,,,VERIFY_SOURCE,PENDING,,CP-0132,,,,,,,,,
여신강림,서울 평창동 맨션 378-1,서울특별시 종로구 평창11길 51,37.609921,126.96608,서울,True,True,True,2,True,False,False,False,OK,MEDIUM,MULTI_SOURCE,,,,,VERIFY_SOURCE,PENDING,,CP-0133,,,,,,,,,
여신강림,소쇼룸,서울특별시 종로구 북촌로6길 32-4,37.58019,126.9863,서울,True,True,True,2,True,False,True,False,OK,MEDIUM,NEARBY_CROSS_SOURCE|MULTI_SOURCE,북촌로8길,서울특별시 종로구 북촌로8길,KCCF,92.9,CHECK_NEARBY,PENDING,,CP-0134,,,,,,,,,
여신강림,왕자만화방,서울특별시 종로구 윤보선길 31,37.57737,126.9837,서울,True,True,True,2,True,False,True,False,OK,MEDIUM,NEARBY_CROSS_SOURCE|MULTI_SOURCE,별궁식당,서울특별시 종로구 윤보선길 19-16,BLOG,16.2,CHECK_NEARBY,PENDING,,CP-0135,,,,,,,,,
여신강림,위드뷰티살롱,서울특별시 강남구 도산대로70길 16,37.52252,127.0451,서울,True,True,True,2,True,False,False,False,OK,MEDIUM,MULTI_SOURCE,,,,,VERIFY_SOURCE,PENDING,,CP-0136,,,,,,,,,
여신강림,콜린,서울특별시 마포구 어울마당로 45,37.549176,126.9204,서울,True,True,True,2,True,False,False,False,OK,MEDIUM,MULTI_SOURCE,,,,,VERIFY_SOURCE,PENDING,,CP-0137,,,,,,,,,
여신강림,피카디리국제미술관,서울특별시 종로구 돈화문로5가길 1,37.570962,126.99117,서울,True,True,True,2,True,False,False,False,OK,MEDIUM,MULTI_SOURCE,,,,,VERIFY_SOURCE,PENDING,,CP-0138,,,,,,,,,
여신강림,하노,서울특별시 마포구 동교로41길 32,37.56376,126.9235,서울,True,True,True,2,True,False,False,False,OK,MEDIUM,MULTI_SOURCE,,,,,VERIFY_SOURCE,PENDING,,CP-0139,,,,,,,,,
여신강림,KFC 대학로점,서울특별시 종로구 대학로 120,37.5818758763205,127.002292683609,서울,False,True,True,1,True,False,True,False,OK,MEDIUM,NEARBY_CROSS_SOURCE,가비아노,서울특별시 종로구 대학로 122,KCCF|BLOG,30.5,CHECK_NEARBY,PENDING,,CP-0140,,,,,,,,,
여신강림,가회동골목,서울특별시 종로구 북촌로 46-3,37.5809599960176,126.985805710164,서울,False,True,True,1,True,False,True,False,OK,MEDIUM,NEARBY_CROSS_SOURCE,북촌로8길,서울특별시 종로구 북촌로8길,KCCF,26.5,CHECK_NEARBY,PENDING,,CP-0141,,,,,,,,,
여신강림,닌옆골목2,서울특별시 종로구 계동길 117,37.5825373875532,126.986770902695,서울,False,True,True,1,True,False,True,False,OK,MEDIUM,NEARBY_CROSS_SOURCE,꽃라온,서울특별시 종로구 계동길 116,KCCF|BLOG,12.5,CHECK_NEARBY,PENDING,,CP-0142,,,,,,,,,
여신강림,덕성여고앞,서울특별시 종로구 율곡로3길 64,37.5784539407547,126.982248958775,서울,False,True,True,1,True,False,True,False,OK,MEDIUM,NEARBY_CROSS_SOURCE,율곡로3길,서울특별시 종로구 율곡로3길,KCCF,72.6,CHECK_NEARBY,PENDING,,CP-0143,,,,,,,,,
여신강림,명동쇼핑거리,서울특별시 중구 명동길 명동쇼핑거리,37.564111,126.98609,서울,True,False,True,1,True,False,True,False,OK,MEDIUM,NEARBY_CROSS_SOURCE,장군보쌈,서울특별시 중구 명동10길 7-6,BLOG,97.4,CHECK_NEARBY,PENDING,,CP-0144,,,,,,,,,
여신강림,모모커피마카롱,서울특별시 서대문구 이화여대길 22,37.5578208469206,126.94599977142,서울,False,True,True,1,True,False,True,False,OK,MEDIUM,NEARBY_CROSS_SOURCE,대현문화공원,서울특별시 서대문구 대현동 146,KCCF|BLOG,47.7,CHECK_NEARBY,PENDING,,CP-0145,,,,,,,,,
여신강림,별궁식당,서울특별시 종로구 윤보선길 19-16,37.5772456331099,126.98360330666,서울,False,True,True,1,True,False,True,False,OK,MEDIUM,NEARBY_CROSS_SOURCE,왕자만화방,서울특별시 종로구 윤보선길 31,KCCF|BLOG,16.2,CHECK_NEARBY,PENDING,,CP-0146,,,,,,,,,
여신강림,북촌로8길,서울특별시 종로구 북촌로8길,37.58101,126.9861,서울,True,False,True,1,True,False,True,False,OK,MEDIUM,NEARBY_CROSS_SOURCE,가회동골목,서울특별시 종로구 북촌로 46-3,BLOG,26.5,CHECK_NEARBY,PENDING,,CP-0147,,,,,,,,,
여신강림,북촌한옥청,서울특별시 종로구 북촌로12길 33,37.5828156013222,126.985880758904,서울,False,True,True,1,True,False,True,False,OK,MEDIUM,NEARBY_CROSS_SOURCE,꽃라온,서울특별시 종로구 계동길 116,KCCF|BLOG,96.8,CHECK_NEARBY,PENDING,,CP-0148,,,,,,,,,
여신강림,소허당,서울특별시 종로구 윤보선길 51,37.5783083293954,126.983414355977,서울,False,True,True,1,True,False,True,False,OK,MEDIUM,NEARBY_CROSS_SOURCE,윤보선길,서울특별시 종로구 윤보선길,KCCF,88.7,CHECK_NEARBY,PENDING,,CP-0149,,,,,,,,,
여신강림,윤보선길,서울특별시 종로구 윤보선길,37.577559,126.98376,서울,True,False,True,1,True,False,True,False,OK,MEDIUM,NEARBY_CROSS_SOURCE,왕자만화방,서울특별시 종로구 윤보선길 31,KCCF|BLOG,21.7,CHECK_NEARBY,PENDING,,CP-0150,,,,,,,,,
여신강림,율곡로3길,서울특별시 종로구 율곡로3길,37.577811,126.98239,서울,True,False,True,1,True,False,True,False,OK,MEDIUM,NEARBY_CROSS_SOURCE,덕성여고앞,서울특별시 종로구 율곡로3길 64,BLOG,72.6,CHECK_NEARBY,PENDING,,CP-0151,,,,,,,,,
여신강림,익선동콤콤오락실,서울특별시 종로구 수표로28길 23-6,37.5730733906709,126.989988136881,서울,False,True,True,1,True,False,True,False,OK,MEDIUM,NEARBY_CROSS_SOURCE,남도분식 익선점,서울특별시 종로구 수표로28길 33,KCCF|BLOG,13.0,CHECK_NEARBY,PENDING,,CP-0152,,,,,,,,,
여신강림,장군보쌈,서울특별시 중구 명동10길 7-6,37.5633437100986,126.985557781759,서울,False,True,True,1,True,False,True,False,OK,MEDIUM,NEARBY_CROSS_SOURCE,명동쇼핑거리,서울특별시 중구 명동길 명동쇼핑거리,KCCF,97.4,CHECK_NEARBY,PENDING,,CP-0153,,,,,,,,,
여신강림,홍대수노래방본점,서울특별시 마포구 와우산로21길 37,37.5522793172045,126.921797356875,서울,False,True,True,1,True,False,True,False,OK,MEDIUM,NEARBY_CROSS_SOURCE,수노래연습장 홍대 본점,서울특별시 와우산로21길 37,KCCF,7.8,CHECK_NEARBY,PENDING,,CP-0154,,,,,,,,,
오징어게임,CU 쌍문우이천점,서울특별시 도봉구 우이천로39길 11,37.6497074,127.0200228,서울,True,True,True,2,True,False,False,False,OK,MEDIUM,MULTI_SOURCE,,,,,VERIFY_SOURCE,PENDING,,CP-0155,,,,,,,,,
오징어게임,뽀꼬팡 창동점,서울특별시 도봉구 덕릉로60가길 59,37.63714,127.0387,서울,True,True,True,2,True,False,False,False,OK,MEDIUM,MULTI_SOURCE,,,,,VERIFY_SOURCE,PENDING,,CP-0156,,,,,,,,,
오징어게임,세븐일레븐 여의점,서울특별시 영등포구 여의서로 43,37.53083,126.9247,서울,True,True,True,2,True,False,False,False,OK,MEDIUM,MULTI_SOURCE,,,,,VERIFY_SOURCE,PENDING,,CP-0157,,,,,,,,,
오징어게임,신한금융투자빌딩,서울특별시 영등포구 여의대로 70,37.524832,126.92418,서울,True,True,True,2,True,False,True,False,OK,MEDIUM,NEARBY_CROSS_SOURCE|MULTI_SOURCE,빌리엔젤,서울특별시 영등포구 국제금융로2길 24,BLOG,82.6,CHECK_NEARBY,PENDING,,CP-0158,,,,,,,,,
오징어게임,의료법인성화의료재단 대한병원,서울특별시 강북구 도봉로 301,37.63539,127.0227,서울,True,True,True,2,True,False,False,False,OK,MEDIUM,MULTI_SOURCE,,,,,VERIFY_SOURCE,PENDING,,CP-0159,,,,,,,,,
오징어게임,팔도건어물,서울특별시 도봉구 삼양로154길 36,37.6555216,127.0130601,서울,True,True,True,2,True,False,True,False,OK,MEDIUM,NEARBY_CROSS_SOURCE|MULTI_SOURCE,삼우약국앞,서울특별시 강북구 삼양로 579,BLOG,96.7,CHECK_NEARBY,PENDING,,CP-0160,,,,,,,,,
오징어게임,힐링호프,서울특별시 마포구 큰우물로 41,37.54299,126.9435,서울,True,True,True,2,True,False,False,False,OK,MEDIUM,MULTI_SOURCE,,,,,VERIFY_SOURCE,PENDING,,CP-0161,,,,,,,,,
오징어게임,빌리엔젤,서울특별시 영등포구 국제금융로2길 24,37.5243047905812,126.924840024112,서울,False,True,True,1,True,False,True,False,OK,MEDIUM,NEARBY_CROSS_SOURCE,신한금융투자빌딩,서울특별시 영등포구 여의대로 70,KCCF|BLOG,82.6,CHECK_NEARBY,PENDING,,CP-0162,,,,,,,,,
오징어게임,삼우약국앞,서울특별시 강북구 삼양로 579,37.6546970306366,127.012710626694,서울,False,True,True,1,True,False,True,False,OK,MEDIUM,NEARBY_CROSS_SOURCE,팔도건어물,서울특별시 도봉구 삼양로154길 36,KCCF|BLOG,96.7,CHECK_NEARBY,PENDING,,CP-0163,,,,,,,,,
오징어게임,양재시민의숲역,서울특별시 서초구 매헌로 116,37.469784,127.03846,서울,True,False,True,1,True,False,True,False,OK,MEDIUM,NEARBY_CROSS_SOURCE,양재시민의숲역(양재방향4-4),서울특별시 서초구 매헌로 지하 116 양재시민의숲역,BLOG,24.7,CHECK_NEARBY,PENDING,,CP-0164,,,,,,,,,
오징어게임,양재시민의숲역(양재방향4-4),서울특별시 서초구 매헌로 지하 116 양재시민의숲역,37.4699787301083,127.038325774107,서울,False,True,True,1,True,False,True,False,OK,MEDIUM,NEARBY_CROSS_SOURCE,양재시민의숲역,서울특별시 서초구 매헌로 116,KCCF,24.7,CHECK_NEARBY,PENDING,,CP-0165,,,,,,,,,
오징어게임,한림대학교 한강성심병원,서울특별시 영등포구 버드나루로 55 신관 1층,37.52344,126.9103,서울,True,False,True,1,True,False,True,False,OK,MEDIUM,NEARBY_CROSS_SOURCE,한림대한강성심병원,서울특별시 영등포구 버드나루로7길 12,BLOG,61.1,CHECK_NEARBY,PENDING,,CP-0166,,,,,,,,,
오징어게임,한림대한강성심병원,서울특별시 영등포구 버드나루로7길 12,37.5231765760718,126.909691853641,서울,False,True,True,1,True,False,True,False,OK,MEDIUM,NEARBY_CROSS_SOURCE,한림대학교 한강성심병원,서울특별시 영등포구 버드나루로 55 신관 1층,KCCF,61.1,CHECK_NEARBY,PENDING,,CP-0167,,,,,,,,,
