content_title,place_name,address,latitude,longitude,region,kccf_exists,blog_exists,actor_data_exists,source_count,has_coordinates,duplicate_name_candidate,nearby_cross_source_candidate,coordinate_duplicate_candidate,address_quality,review_priority,review_status,review_note
그 해 우리는,생활맥주 연신내점,서울특별시 은평구 연서로27길 19,37.6181689654168,126.917231758365,서울,False,True,True,1,True,True,True,True,OK,HIGH,PENDING,
그 해 우리는,생활맥주 연신내점,"서울특별시 은평구 연서로27길 19 1,2층",37.6181332,126.9172137,서울,True,False,True,1,True,True,True,True,OK,HIGH,PENDING,
빈센조,느린마을양조장,서울특별시 서초구 서초대로73길 7,37.4981314601413,127.02527908458,서울,False,True,True,1,True,False,True,True,OK,HIGH,PENDING,
빈센조,느린마을양조장 강남점,서울특별시 서초구 서초대로73길 7 우송빌딩 지하1층,37.498122,127.02527,서울,True,False,True,1,True,False,True,True,OK,HIGH,PENDING,
사내맞선,에리트빌딩,서울특별시 영등포구 여의대방로65길 12,37.5196287135985,126.930031909349,서울,False,True,True,1,True,False,True,True,OK,HIGH,PENDING,
사내맞선,은성회관,서울특별시 영등포구 여의대방로65길 12 에리트빌딩 2층,37.519615,126.93001,서울,True,False,True,1,True,False,True,True,OK,HIGH,PENDING,
스타트업,상사마을 39,서울특별시 강서구 개화10길 39,37.58699,126.80203,서울,True,False,True,1,True,False,False,True,OK,HIGH,PENDING,
스타트업,상사마을 8-15,서울특별시 강서구 개화12길 8-15,37.58699,126.80203,서울,True,False,True,1,True,False,False,True,OK,HIGH,PENDING,
여신강림,수노래연습장 홍대 본점,서울특별시 와우산로21길 37,37.55227,126.92171,서울,True,False,True,1,True,False,True,False,NEEDS_REVIEW,HIGH,PENDING,
그 해 우리는,JCC크리에이티브센터,서울특별시 종로구 창경궁로35길 45,37.5877669,127.002266,서울,True,True,True,2,True,False,False,False,OK,MEDIUM,PENDING,
그 해 우리는,미라보양과자점,서울특별시 마포구 성미산로29길 35-6,37.565637,126.92152,서울,True,True,True,2,True,False,False,False,OK,MEDIUM,PENDING,
그 해 우리는,신한금융투자빌딩,서울특별시 영등포구 여의대로 70,37.524832,126.92418,서울,True,True,True,2,True,False,False,False,OK,MEDIUM,PENDING,
그 해 우리는,자하슈퍼,서울특별시 종로구 자하문로42길 57,37.600253,126.96281,서울,True,True,True,2,True,False,True,False,OK,MEDIUM,PENDING,
그 해 우리는,중앙고등학교,서울특별시 종로구 창덕궁길 164,37.584081,126.986846,서울,True,True,True,2,True,False,False,False,OK,MEDIUM,PENDING,
그 해 우리는,판자집,서울특별시 서대문구 연세로2길 29,37.55631,126.9385,서울,True,True,True,2,True,False,False,False,OK,MEDIUM,PENDING,
그 해 우리는,히게쯔라,서울특별시 마포구 양화로1길 42,37.55056,126.910386,서울,True,True,True,2,True,False,False,False,OK,MEDIUM,PENDING,
그 해 우리는,감고당길,서울특별시 종로구 안국동 177-1,37.5773274121075,126.982751523287,서울,False,True,True,1,True,False,True,False,OK,MEDIUM,PENDING,
그 해 우리는,비토사진관,서울특별시 종로구 창덕궁길 124,37.583047502383,126.989149801882,서울,False,True,True,1,True,False,True,False,OK,MEDIUM,PENDING,
그 해 우리는,윤보선길,서울특별시 종로구 윤보선길,37.577559,126.98376,서울,True,False,True,1,True,False,True,False,OK,MEDIUM,PENDING,
그 해 우리는,자하주택,서울특별시 종로구 세검정로6길 70,37.600665,126.96326,서울,True,False,True,1,True,False,True,False,OK,MEDIUM,PENDING,
그 해 우리는,창덕궁5길,서울특별시 종로구 창덕궁5길,37.583469,126.98915,서울,True,False,True,1,True,False,True,False,OK,MEDIUM,PENDING,
도깨비,경복궁,서울특별시 종로구 사직로 161,37.5806736,126.976952,서울,True,True,True,2,True,False,False,False,OK,MEDIUM,PENDING,
도깨비,운현궁 양관,서울특별시 종로구 삼일대로 460,37.576111,126.987749,서울,True,True,True,2,True,False,False,False,OK,MEDIUM,PENDING,
도깨비,자작나무이야기,서울특별시 종로구 율곡로1길 74-15,37.57864,126.98183,서울,True,True,True,2,True,False,True,False,OK,MEDIUM,PENDING,
도깨비,청계천로 81 빌딩,서울특별시 종로구 청계천로 81,37.56853,126.98657,서울,True,True,True,2,True,False,False,False,OK,MEDIUM,PENDING,
도깨비,감고당길,서울특별시 종로구 안국동 175-91,37.5766122831281,126.982684783861,서울,False,True,True,1,True,True,False,False,OK,MEDIUM,PENDING,
도깨비,감고당길,서울특별시 종로구 율곡로3길,37.577861,126.982358,서울,True,False,True,1,True,True,True,False,OK,MEDIUM,PENDING,
도깨비,개뿔앞,서울특별시 종로구 낙산성곽서1길 26,37.5781776751424,127.008046580681,서울,False,True,True,1,True,False,True,False,OK,MEDIUM,PENDING,
도깨비,대학로거리,서울특별시 종로구 대학로11길 18,37.5823719837814,127.000662642151,서울,False,True,True,1,True,True,False,False,OK,MEDIUM,PENDING,
도깨비,대학로거리,서울특별시 종로구 명륜4가 103-12,37.5822016042019,127.00091691894,서울,False,True,True,1,True,True,False,False,OK,MEDIUM,PENDING,
도깨비,덕성여고옆,서울특별시 종로구 안국동 177-2,37.5774179305732,126.98253754193,서울,False,True,True,1,True,False,True,False,OK,MEDIUM,PENDING,
도깨비,배스킨라빈스앞,서울특별시 종로구 율곡로3길 74-1,37.5790128286847,126.982257656397,서울,False,True,True,1,True,False,True,False,OK,MEDIUM,PENDING,
도깨비,사간동골목,서울특별시 종로구 율곡로1길 40-31,37.5777868875472,126.981358063572,서울,False,True,True,1,True,False,True,False,OK,MEDIUM,PENDING,
도깨비,사근용답간인도교,서울특별시 성동구 사근동 235-1,37.562502,127.05006,서울,True,False,True,1,True,False,True,False,OK,MEDIUM,PENDING,
도깨비,성수동,서울특별시 성동구 성수이로7길 41,37.542615837437,127.05307667347,서울,False,True,True,1,True,False,True,False,OK,MEDIUM,PENDING,
도깨비,성수이로7길,서울특별시 성동구 연무장길 36,37.542826,127.05326,서울,True,False,True,1,True,False,True,False,OK,MEDIUM,PENDING,
도깨비,솔트24앞,서울특별시 종로구 율곡로3길 75,37.5789806345291,126.982067925807,서울,False,True,True,1,True,False,True,False,OK,MEDIUM,PENDING,
도깨비,신촌벽화터널,서울특별시 서대문구 대신동 143-28,37.560188,126.94127,서울,True,False,True,1,True,False,True,False,OK,MEDIUM,PENDING,
도깨비,신촌설렁탕앞,서울특별시 서대문구 대신동 143-24,37.560454265275,126.941431020868,서울,False,True,True,1,True,False,True,False,OK,MEDIUM,PENDING,
도깨비,신촌터널,서울특별시 서대문구 신촌동 81-19,37.5602411424053,126.941720137752,서울,False,True,True,1,True,False,True,False,OK,MEDIUM,PENDING,
도깨비,용답역다리,서울특별시 성동구 용답길 86,37.5620049052662,127.050729309179,서울,False,True,True,1,True,False,True,False,OK,MEDIUM,PENDING,
도깨비,이니스프리앞,서울특별시 종로구 율곡로3길 73,37.5788217844135,126.982035925833,서울,False,True,True,1,True,False,True,False,OK,MEDIUM,PENDING,
도깨비,이화벽화마을,서울특별시 종로구 낙산성곽서1길 28,37.578224,127.008009,서울,True,False,True,1,True,False,True,False,OK,MEDIUM,PENDING,
도깨비,중앙고등학교,서울특별시 종로구 창덕궁길 164,37.584081,126.986846,서울,True,False,True,1,True,True,False,False,OK,MEDIUM,PENDING,
도깨비,중앙고등학교,서울특별시 종로구 창덕궁길 166,37.5831435729736,126.986744416271,서울,False,True,True,1,True,True,False,False,OK,MEDIUM,PENDING,
런온,JCC크리에이티브센터,서울특별시 종로구 창경궁로35길 45,37.5877669,127.002266,서울,True,True,True,2,True,False,False,False,OK,MEDIUM,PENDING,
런온,산마루 놀이터 (구 산마루 갤러리),서울특별시 종로구 창신동 23-350,37.575576,127.01252,서울,True,True,True,2,True,False,False,False,OK,MEDIUM,PENDING,
런온,용산가족공원,서울특별시 용산구 서빙고로 137,37.521532,126.98392,서울,True,True,True,2,True,False,False,False,OK,MEDIUM,PENDING,
런온,가회동골목,서울특별시 종로구 북촌로8길 7,37.5810592639486,126.985627382236,서울,False,True,True,1,True,False,True,False,OK,MEDIUM,PENDING,
런온,낙산공원,서울특별시 성북구 삼선교로4라길 31-1,37.5812139906406,127.008531569521,서울,False,True,True,1,True,True,False,False,OK,MEDIUM,PENDING,
런온,낙산공원,서울특별시 종로구 낙산길 41,37.580667,127.00746,서울,True,False,True,1,True,True,False,False,OK,MEDIUM,PENDING,
런온,낙산어린이집,서울특별시 종로구 창신길 210-11,37.5795467508656,127.010182884217,서울,False,True,True,1,True,False,True,False,OK,MEDIUM,PENDING,
런온,루카511,서울특별시 강남구 도산대로81길 40,37.526961,127.04688,서울,True,False,True,1,True,True,True,False,OK,MEDIUM,PENDING,
런온,루카511,서울특별시 강남구 압구정로73길 22,37.5273695851949,127.046826359881,서울,False,True,True,1,True,True,True,False,OK,MEDIUM,PENDING,
런온,북촌로8길,서울특별시 종로구 북촌로8길,37.581,126.986,서울,True,False,True,1,True,False,True,False,OK,MEDIUM,PENDING,
런온,여의도공원,서울특별시 영등포구 여의공원로 68,37.5281241,126.925754,서울,True,False,True,1,True,True,False,False,OK,MEDIUM,PENDING,
런온,여의도공원,서울특별시 영등포구 여의도동 2,37.525536061707,126.921593482156,서울,False,True,True,1,True,True,False,False,OK,MEDIUM,PENDING,
런온,용화당한의원,서울특별시 종로구 안국동 176-3,37.5774015914064,126.98294056116,서울,False,True,True,1,True,False,True,False,OK,MEDIUM,PENDING,
런온,윤보선길,서울특별시 종로구 윤보선길,37.577559,126.98376,서울,True,False,True,1,True,False,True,False,OK,MEDIUM,PENDING,
런온,창신동 노란건물,서울특별시 종로구 창인12길 7-4,37.579388,127.01009,서울,True,False,True,1,True,False,True,False,OK,MEDIUM,PENDING,
미생,고대포,서울특별시 용산구 원효로 197-1,37.536972,126.963976,서울,True,True,True,2,True,False,False,False,OK,MEDIUM,PENDING,
미생,서머셋팰리스서울,서울특별시 종로구 율곡로2길 7,37.575128,126.981187,서울,True,True,True,2,True,False,False,False,OK,MEDIUM,PENDING,
미생,서울스퀘어,서울특별시 중구 한강대로 416,37.555478,126.973721,서울,True,True,True,2,True,False,False,False,OK,MEDIUM,PENDING,
미생,원조마포껍데기집,서울특별시 마포구 효창목길 9,37.547451,126.959196,서울,True,True,True,2,True,False,False,False,OK,MEDIUM,PENDING,
미생,낙산공원,서울특별시 종로구 낙산길 41,37.580667,127.00746,서울,True,False,True,1,True,True,True,False,OK,MEDIUM,PENDING,
미생,낙산공원,서울특별시 종로구 동숭동 산 2-32,37.5803305961933,127.008106700999,서울,False,True,True,1,True,True,True,False,OK,MEDIUM,PENDING,
미생,반포한강공원,서울특별시 서초구 올림픽대로 2085-14,37.5124362037118,126.995962256954,서울,False,True,True,1,True,False,True,False,OK,MEDIUM,PENDING,
미생,북촌로6길,서울특별시 종로구 북촌로6길,37.580048,126.98545,서울,True,False,True,1,True,False,True,False,OK,MEDIUM,PENDING,
미생,성수동카페거리,서울특별시 성동구 아차산로 92-1,37.542965,127.05659,서울,True,False,True,1,True,False,True,False,OK,MEDIUM,PENDING,
미생,세라,서울특별시 성동구 성수이로 89,37.5430148320311,127.056314421147,서울,False,True,True,1,True,False,True,False,OK,MEDIUM,PENDING,
미생,세빛섬,서울특별시 서초구 올림픽대로 683,37.512019,126.9953,서울,True,False,True,1,True,False,True,False,OK,MEDIUM,PENDING,
미생,안국역,서울특별시 종로구 율곡로 62,37.576655,126.98573,서울,True,False,True,1,True,True,False,False,OK,MEDIUM,PENDING,
미생,안국역,서울특별시 종로구 율곡로 64,37.5768625825507,126.986906847974,서울,False,True,True,1,True,True,False,False,OK,MEDIUM,PENDING,
미생,재동초,서울특별시 종로구 북촌로6길 1,37.5801437110467,126.985197583884,서울,False,True,True,1,True,False,True,False,OK,MEDIUM,PENDING,
미생,합정역,서울특별시 마포구 양화로 지하 55,37.549167,126.91361,서울,True,False,True,1,True,True,True,False,OK,MEDIUM,PENDING,
미생,합정역,서울특별시 마포구 합정동 402,37.5498466462436,126.914178132067,서울,False,True,True,1,True,True,True,False,OK,MEDIUM,PENDING,
빈센조,구구당,서울특별시 강남구 강남대로102길 35,37.503266,127.02788,서울,True,True,True,2,True,False,False,False,OK,MEDIUM,PENDING,
빈센조,비앤테일러,서울특별시 강남구 도산대로81길 31,37.52635,127.047,서울,True,True,True,2,True,False,False,False,OK,MEDIUM,PENDING,
빈센조,서대문형무소역사관,서울특별시 서대문구 통일로 251,37.574692,126.95649,서울,True,True,True,2,True,False,False,False,OK,MEDIUM,PENDING,
빈센조,서울디자인재단,서울특별시 중구 을지로 281,37.566752,127.0101,서울,True,True,True,2,True,False,False,False,OK,MEDIUM,PENDING,
빈센조,쉐이크쉑 청담점,서울특별시 강남구 도산대로 327,37.5230834,127.0376045,서울,True,True,True,2,True,False,False,False,OK,MEDIUM,PENDING,
빈센조,어른이대공원 합정점,서울특별시 마포구 양화로6길 100,37.54822,126.9196,서울,True,True,True,2,True,False,False,False,OK,MEDIUM,PENDING,
빈센조,언더스탠드 에비뉴,서울특별시 성동구 왕십리로 63,37.543534,127.043785,서울,True,True,True,2,True,False,False,False,OK,MEDIUM,PENDING,
빈센조,장안빌딩,서울특별시 종로구 종로 65,37.570472,126.98468,서울,True,True,True,2,True,False,False,False,OK,MEDIUM,PENDING,
빈센조,카페 할아버지공장,서울특별시 성동구 성수이로7가길 9,37.5411105,127.054858,서울,True,True,True,2,True,False,False,False,OK,MEDIUM,PENDING,
빈센조,커먼 그라운드,서울특별시 광진구 아차산로 200,37.541164,127.06608,서울,True,True,True,2,True,False,False,False,OK,MEDIUM,PENDING,
빈센조,콜린,서울특별시 마포구 어울마당로 45,37.549176,126.9204,서울,True,True,True,2,True,False,False,False,OK,MEDIUM,PENDING,
빈센조,파크하얏트 서울,서울특별시 강남구 테헤란로 606,37.508534,127.06415,서울,True,True,True,2,True,False,False,False,OK,MEDIUM,PENDING,
빈센조,동작대교,서울특별시 용산구 이촌동 386,37.5081188636636,126.981703171547,서울,False,True,True,1,True,True,False,False,OK,MEDIUM,PENDING,
빈센조,동작대교,서울특별시 용산구 이촌동 동작대교,37.51041,126.981893,서울,True,False,True,1,True,True,False,False,OK,MEDIUM,PENDING,
빈센조,서울로7017,서울특별시 중구 봉래동2가 122-16,37.557836402471,126.971044011536,서울,False,True,True,1,True,True,False,False,OK,MEDIUM,PENDING,
빈센조,서울로7017,서울특별시 중구 청파로 432,37.556524,126.97375,서울,True,False,True,1,True,True,False,False,OK,MEDIUM,PENDING,
빈센조,석파랑,서울특별시 종로구 자하문로 301,37.5991616788409,126.959453904279,서울,False,True,True,1,True,True,True,False,OK,MEDIUM,PENDING,
빈센조,석파랑,서울특별시 종로구 자하문로 309,37.59932,126.95872,서울,True,False,True,1,True,True,True,False,OK,MEDIUM,PENDING,
빈센조,우정국로2길,서울특별시 종로구 우정국로2길,37.569547,126.98445,서울,True,False,True,1,True,False,True,False,OK,MEDIUM,PENDING,
빈센조,젊음의거 리,서울특별시 종로구 우정국로2길 41,37.5696663382871,126.985389032633,서울,False,True,True,1,True,False,True,False,OK,MEDIUM,PENDING,
사내맞선,더리버,서울특별시 용산구 용산동6가 451,37.507108,126.98472,서울,True,True,True,2,True,False,False,False,OK,MEDIUM,PENDING,
사내맞선,마들원,서울특별시 노원구 공릉로62길 27-11,37.636388,127.07128,서울,True,True,True,2,True,False,False,False,OK,MEDIUM,PENDING,
사내맞선,멍텅구리즉석떡볶이 공릉점,서울특별시 노원구 공릉로51길 14-2,37.62878,127.07643,서울,True,True,True,2,True,False,False,False,OK,MEDIUM,PENDING,
사내맞선,몽마르뜨언덕위 은하수다방,서울특별시 마포구 토정로 33-1,37.54572,126.91467,서울,True,True,True,2,True,False,False,False,OK,MEDIUM,PENDING,
사내맞선,연남장,서울특별시 서대문구 연희로5길 22,37.564338,126.927572,서울,True,True,True,2,True,False,False,False,OK,MEDIUM,PENDING,
사내맞선,캐틀앤비 양재점,서울특별시 서초구 양재천로 131,37.478813,127.04192,서울,True,True,True,2,True,False,False,False,OK,MEDIUM,PENDING,
사내맞선,동작대교,서울특별시 용산구 이촌동 357,37.5068814381296,126.979592914469,서울,False,True,True,1,True,True,False,False,OK,MEDIUM,PENDING,
사내맞선,동작대교,서울특별시 용산구 이촌동 동작대교,37.51041,126.981893,서울,True,False,True,1,True,True,False,False,OK,MEDIUM,PENDING,
스타트업,노들섬,서울특별시 용산구 양녕로 445,37.5181029,126.957064,서울,True,True,True,2,True,False,False,False,OK,MEDIUM,PENDING,
스타트업,동대문B동신발종합상가,서울특별시 종로구 청계천로 307,37.57005,127.0123,서울,True,True,True,2,True,False,False,False,OK,MEDIUM,PENDING,
스타트업,서울파이낸스센터,서울특별시 중구 세종대로 136,37.5684113,126.977714,서울,True,True,True,2,True,False,False,False,OK,MEDIUM,PENDING,
스타트업,에이스빌딩,서울특별시 서초구 서초대로41길 19,37.49361,127.0075,서울,True,True,True,2,True,False,False,False,OK,MEDIUM,PENDING,
스타트업,올드문래,서울특별시 영등포구 도림로 433-6,37.5138911,126.8942605,서울,True,True,True,2,True,False,False,False,OK,MEDIUM,PENDING,
스타트업,투썸플레이스 내방역점,서울특별시 서초구 서초대로 99,37.487801,126.99302,서울,True,True,True,2,True,False,False,False,OK,MEDIUM,PENDING,
스타트업,양재시민의숲역,서울특별시 서초구 매헌로 116,37.469784,127.03846,서울,True,False,True,1,True,True,True,False,OK,MEDIUM,PENDING,
스타트업,양재시민의숲역,서울특별시 서초구 양재동 237-2,37.4701573374509,127.038519736854,서울,False,True,True,1,True,True,True,False,OK,MEDIUM,PENDING,
스타트업,한강대교,서울특별시 용산구 이촌동 327,37.5156209578558,126.957206227528,서울,False,True,True,1,True,True,False,False,OK,MEDIUM,PENDING,
스타트업,한강대교,서울특별시 용산구 이촌동 한강대교,37.517492,126.95897,서울,True,False,True,1,True,True,False,False,OK,MEDIUM,PENDING,
알고있지만,몽마르뜨언덕위 은하수다방,서울특별시 마포구 토정로 33-1,37.54572,126.91467,서울,True,True,True,2,True,False,False,False,OK,MEDIUM,PENDING,
알고있지만,소월로 계단 3번,서울특별시 용산구 소월로 168,37.547514,126.98424,서울,True,True,True,2,True,False,True,False,OK,MEDIUM,PENDING,
알고있지만,와우산로22길,서울특별시 마포구 와우산로22길 34,37.55098,126.9241,서울,True,True,True,2,True,False,False,False,OK,MEDIUM,PENDING,
알고있지만,은행어린이공원,서울특별시 마포구 성미산로29길 17-3,37.564575,126.92228,서울,True,True,True,2,True,False,True,False,OK,MEDIUM,PENDING,
알고있지만,의외의조합,서울특별시 중구 동호로17길 121,37.553763,127.00461,서울,True,True,True,2,True,False,False,False,OK,MEDIUM,PENDING,
알고있지만,콜린,서울특별시 마포구 어울마당로 45,37.549176,126.9204,서울,True,True,True,2,True,False,False,False,OK,MEDIUM,PENDING,
알고있지만,피자알볼로 역삼직영점,서울특별시 강남구 역삼로 148,37.494547,127.03559,서울,True,True,True,2,True,False,False,False,OK,MEDIUM,PENDING,
알고있지만,현대카드 뮤직 라이브러리,서울특별시 용산구 이태원로 246,37.53665,127.00059,서울,True,True,True,2,True,False,False,False,OK,MEDIUM,PENDING,
알고있지만,후암동 옥탑방,서울특별시 용산구 두텁바위로60길 78,37.548122,126.98389,서울,True,True,True,2,True,False,True,False,OK,MEDIUM,PENDING,
알고있지만,성미산로29길,서울특별시 마포구 성미산로29길 3,37.564235,126.92285,서울,True,False,True,1,True,False,True,False,OK,MEDIUM,PENDING,
알고있지만,인시즌,서울특별시 마포구 성미산로29길 16,37.5648510960869,126.922599846381,서울,False,True,True,1,True,False,True,False,OK,MEDIUM,PENDING,
여신강림,N서울타워,서울특별시 용산구 남산공원길 105,37.551168,126.98824,서울,True,True,True,2,True,False,False,False,OK,MEDIUM,PENDING,
여신강림,가비아노,서울특별시 종로구 대학로 122,37.58214,127.0022,서울,True,True,True,2,True,False,True,False,OK,MEDIUM,PENDING,
여신강림,공룡슈퍼 홍대점,서울특별시 마포구 와우산로17길 10,37.55027,126.9225,서울,True,True,True,2,True,False,False,False,OK,MEDIUM,PENDING,
여신강림,꽃라온,서울특별시 종로구 계동길 116,37.58249,126.9869,서울,True,True,True,2,True,False,True,False,OK,MEDIUM,PENDING,
여신강림,남도분식 익선점,서울특별시 종로구 수표로28길 33,37.57315,126.9901,서울,True,True,True,2,True,False,True,False,OK,MEDIUM,PENDING,
여신강림,대현문화공원,서울특별시 서대문구 대현동 146,37.557639,126.94551,서울,True,True,True,2,True,False,True,False,OK,MEDIUM,PENDING,
여신강림,멍텅구리즉석떡볶이 공릉점,서울특별시 노원구 공릉로51길 14-2,37.62878,127.0764,서울,True,True,True,2,True,False,False,False,OK,MEDIUM,PENDING,
여신강림,서울 평창동 맨션 378-1,서울특별시 종로구 평창11길 51,37.609921,126.96608,서울,True,True,True,2,True,False,False,False,OK,MEDIUM,PENDING,
여신강림,소쇼룸,서울특별시 종로구 북촌로6길 32-4,37.58019,126.9863,서울,True,True,True,2,True,False,True,False,OK,MEDIUM,PENDING,
여신강림,왕자만화방,서울특별시 종로구 윤보선길 31,37.57737,126.9837,서울,True,True,True,2,True,False,True,False,OK,MEDIUM,PENDING,
여신강림,위드뷰티살롱,서울특별시 강남구 도산대로70길 16,37.52252,127.0451,서울,True,True,True,2,True,False,False,False,OK,MEDIUM,PENDING,
여신강림,콜린,서울특별시 마포구 어울마당로 45,37.549176,126.9204,서울,True,True,True,2,True,False,False,False,OK,MEDIUM,PENDING,
여신강림,피카디리국제미술관,서울특별시 종로구 돈화문로5가길 1,37.570962,126.99117,서울,True,True,True,2,True,False,False,False,OK,MEDIUM,PENDING,
여신강림,하노,서울특별시 마포구 동교로41길 32,37.56376,126.9235,서울,True,True,True,2,True,False,False,False,OK,MEDIUM,PENDING,
여신강림,KFC 대학로점,서울특별시 종로구 대학로 120,37.5818758763205,127.002292683609,서울,False,True,True,1,True,False,True,False,OK,MEDIUM,PENDING,
여신강림,가회동골목,서울특별시 종로구 북촌로 46-3,37.5809599960176,126.985805710164,서울,False,True,True,1,True,False,True,False,OK,MEDIUM,PENDING,
여신강림,닌옆골목2,서울특별시 종로구 계동길 117,37.5825373875532,126.986770902695,서울,False,True,True,1,True,False,True,False,OK,MEDIUM,PENDING,
여신강림,덕성여고앞,서울특별시 종로구 율곡로3길 64,37.5784539407547,126.982248958775,서울,False,True,True,1,True,False,True,False,OK,MEDIUM,PENDING,
여신강림,명동쇼핑거리,서울특별시 중구 명동길 명동쇼핑거리,37.564111,126.98609,서울,True,False,True,1,True,False,True,False,OK,MEDIUM,PENDING,
여신강림,모모커피마카롱,서울특별시 서대문구 이화여대길 22,37.5578208469206,126.94599977142,서울,False,True,True,1,True,False,True,False,OK,MEDIUM,PENDING,
여신강림,별궁식당,서울특별시 종로구 윤보선길 19-16,37.5772456331099,126.98360330666,서울,False,True,True,1,True,False,True,False,OK,MEDIUM,PENDING,
여신강림,북촌로8길,서울특별시 종로구 북촌로8길,37.58101,126.9861,서울,True,False,True,1,True,False,True,False,OK,MEDIUM,PENDING,
여신강림,북촌한옥청,서울특별시 종로구 북촌로12길 33,37.5828156013222,126.985880758904,서울,False,True,True,1,True,False,True,False,OK,MEDIUM,PENDING,
여신강림,소허당,서울특별시 종로구 윤보선길 51,37.5783083293954,126.983414355977,서울,False,True,True,1,True,False,True,False,OK,MEDIUM,PENDING,
여신강림,윤보선길,서울특별시 종로구 윤보선길,37.577559,126.98376,서울,True,False,True,1,True,False,True,False,OK,MEDIUM,PENDING,
여신강림,율곡로3길,서울특별시 종로구 율곡로3길,37.577811,126.98239,서울,True,False,True,1,True,False,True,False,OK,MEDIUM,PENDING,
여신강림,익선동콤콤오락실,서울특별시 종로구 수표로28길 23-6,37.5730733906709,126.989988136881,서울,False,True,True,1,True,False,True,False,OK,MEDIUM,PENDING,
여신강림,장군보쌈,서울특별시 중구 명동10길 7-6,37.5633437100986,126.985557781759,서울,False,True,True,1,True,False,True,False,OK,MEDIUM,PENDING,
여신강림,홍대수노래방본점,서울특별시 마포구 와우산로21길 37,37.5522793172045,126.921797356875,서울,False,True,True,1,True,False,True,False,OK,MEDIUM,PENDING,
오징어게임,CU 쌍문우이천점,서울특별시 도봉구 우이천로39길 11,37.6497074,127.0200228,서울,True,True,True,2,True,False,False,False,OK,MEDIUM,PENDING,
오징어게임,뽀꼬팡 창동점,서울특별시 도봉구 덕릉로60가길 59,37.63714,127.0387,서울,True,True,True,2,True,False,False,False,OK,MEDIUM,PENDING,
오징어게임,세븐일레븐 여의점,서울특별시 영등포구 여의서로 43,37.53083,126.9247,서울,True,True,True,2,True,False,False,False,OK,MEDIUM,PENDING,
오징어게임,신한금융투자빌딩,서울특별시 영등포구 여의대로 70,37.524832,126.92418,서울,True,True,True,2,True,False,True,False,OK,MEDIUM,PENDING,
오징어게임,의료법인성화의료재단 대한병원,서울특별시 강북구 도봉로 301,37.63539,127.0227,서울,True,True,True,2,True,False,False,False,OK,MEDIUM,PENDING,
오징어게임,팔도건어물,서울특별시 도봉구 삼양로154길 36,37.6555216,127.0130601,서울,True,True,True,2,True,False,True,False,OK,MEDIUM,PENDING,
오징어게임,힐링호프,서울특별시 마포구 큰우물로 41,37.54299,126.9435,서울,True,True,True,2,True,False,False,False,OK,MEDIUM,PENDING,
오징어게임,빌리엔젤,서울특별시 영등포구 국제금융로2길 24,37.5243047905812,126.924840024112,서울,False,True,True,1,True,False,True,False,OK,MEDIUM,PENDING,
오징어게임,삼우약국앞,서울특별시 강북구 삼양로 579,37.6546970306366,127.012710626694,서울,False,True,True,1,True,False,True,False,OK,MEDIUM,PENDING,
오징어게임,양재시민의숲역,서울특별시 서초구 매헌로 116,37.469784,127.03846,서울,True,False,True,1,True,False,True,False,OK,MEDIUM,PENDING,
오징어게임,양재시민의숲역(양재방향4-4),서울특별시 서초구 매헌로 지하 116 양재시민의숲역,37.4699787301083,127.038325774107,서울,False,True,True,1,True,False,True,False,OK,MEDIUM,PENDING,
오징어게임,한림대학교 한강성심병원,서울특별시 영등포구 버드나루로 55 신관 1층,37.52344,126.9103,서울,True,False,True,1,True,False,True,False,OK,MEDIUM,PENDING,
오징어게임,한림대한강성심병원,서울특별시 영등포구 버드나루로7길 12,37.5231765760718,126.909691853641,서울,False,True,True,1,True,False,True,False,OK,MEDIUM,PENDING,
그 해 우리는,가온문화공원,서울특별시 마포구 상암동 1594,37.58181,126.88765,서울,True,False,True,1,True,False,False,False,OK,LOW,PENDING,
그 해 우리는,더콘란샵코리아,서울특별시 강남구 도곡로 401,37.4971729,127.0540884,서울,True,False,True,1,True,False,False,False,OK,LOW,PENDING,
그 해 우리는,돌담집,서울특별시 종로구 창덕궁1길 22,37.5795092847224,126.98805659577,서울,False,True,True,1,True,False,False,False,OK,LOW,PENDING,
그 해 우리는,롯데월드,서울특별시 송파구 올림픽로 240,37.5112601,127.097998,서울,True,False,True,1,True,False,False,False,OK,LOW,PENDING,
그 해 우리는,마포진짜원조최대포본점,서울특별시 마포구 마포대로 112-4,37.544649,126.951868,서울,True,False,True,1,True,False,False,False,OK,LOW,PENDING,
그 해 우리는,북한산제빵소광화문점,서울특별시 종로구 경희궁2길 10,37.5727880372533,126.971268698044,서울,False,True,True,1,True,False,False,False,OK,LOW,PENDING,
그 해 우리는,생활맥주 강남점,서울특별시 강남구 강남대로78길 18,37.4950282343852,127.030876168962,서울,False,True,True,1,True,False,False,False,OK,LOW,PENDING,
그 해 우리는,서강대교,서울특별시 영등포구 여의도동 서강대교,37.536911,126.92495,서울,True,False,True,1,True,False,False,False,OK,LOW,PENDING,
그 해 우리는,서울 평창동 맨션 410-8,서울특별시 종로구 평창7길 89,37.615812,126.98006,서울,True,False,True,1,True,False,False,False,OK,LOW,PENDING,
그 해 우리는,성대마트,서울특별시 종로구 명륜2가 211,37.5839874528371,126.99818366688,서울,False,True,True,1,True,False,False,False,OK,LOW,PENDING,
그 해 우리는,스와로브스키,서울특별시 강남구 가로수길 59,37.5218897968686,127.022521249316,서울,False,True,True,1,True,False,False,False,OK,LOW,PENDING,
그 해 우리는,시우식당,서울특별시 종로구 필운대로 18,37.5777075816844,126.969566324972,서울,False,True,True,1,True,False,False,False,OK,LOW,PENDING,
그 해 우리는,오산고등학교,서울특별시 용산구 보광로7길 17,37.523475,126.99958,서울,True,False,True,1,True,False,False,False,OK,LOW,PENDING,
그 해 우리는,카페스콘,서울특별시 마포구 성미산로 172 2층,37.564094,126.92476,서울,True,False,True,1,True,False,False,False,OK,LOW,PENDING,
그 해 우리는,퀸즈가드,서울특별시 종로구 서순라길 115,37.5754071716085,126.991442603371,서울,False,True,True,1,True,False,False,False,OK,LOW,PENDING,
그 해 우리는,한스빌딩,서울특별시 종로구 돈화문로 76,37.575291356021,126.990936371094,서울,False,True,True,1,True,False,False,False,OK,LOW,PENDING,
도깨비,BBQ,서울특별시 강남구 일원로9길 8,37.4893877955811,127.0821848402,서울,False,True,True,1,True,False,False,False,OK,LOW,PENDING,
도깨비,건국대학교,서울특별시 광진구 능동로 120,37.5425241,127.073699,서울,True,False,True,1,True,False,False,False,OK,LOW,PENDING,
도깨비,광화문,서울특별시 종로구 효자로 12 국립고궁박물관,37.575923,126.976897,서울,True,False,True,1,True,False,False,False,OK,LOW,PENDING,
도깨비,국회의사당옆,서울특별시 영등포구 의사당대로 1,37.5329182828793,126.916406125347,서울,False,True,True,1,True,False,False,False,OK,LOW,PENDING,
도깨비,그랜드 워커힐 서울,서울특별시 광진구 워커힐로 177,37.555208,127.111341,서울,True,False,True,1,True,False,False,False,OK,LOW,PENDING,
도깨비,꿈디꿈디,서울특별시 종로구 팔판길 1-12,37.5826855370676,126.980466975577,서울,False,True,True,1,True,False,False,False,OK,LOW,PENDING,
도깨비,놀이터,서울특별시 동대문구 서울시립대로2길 59,37.5727809772819,127.049064320439,서울,False,True,True,1,True,False,False,False,OK,LOW,PENDING,
도깨비,달커피,서울특별시 종로구 창신6가길 48,37.5760823534529,127.012800721188,서울,False,True,True,1,True,False,False,False,OK,LOW,PENDING,
도깨비,달콤커피 종로종각점,서울특별시 종로구 종로12길 18,37.569331,126.98559,서울,True,False,True,1,True,False,False,False,OK,LOW,PENDING,
도깨비,대학로,서울특별시 종로구 동숭동 대학로,37.60615,126.96815,서울,True,False,True,1,True,False,False,False,OK,LOW,PENDING,
도깨비,덕성여자대학교,서울특별시 도봉구 삼양로144길 39,37.65247,127.01583,서울,True,False,True,1,True,False,False,False,OK,LOW,PENDING,
도깨비,덕수궁 돌담길,서울특별시 중구 세종대로 99,37.565924,126.97501,서울,True,False,True,1,True,False,False,False,OK,LOW,PENDING,
도깨비,덕수궁돌담길,서울특별시 중구 덕수궁길 116,37.5675578135859,126.973424291884,서울,False,True,True,1,True,False,False,False,OK,LOW,PENDING,
도깨비,롯데월드몰,서울특별시 송파구 올림픽로 300,37.512599,127.102714,서울,True,False,True,1,True,False,False,False,OK,LOW,PENDING,
도깨비,배스킨라빈스,서울특별시 서초구 강남대로 331,37.4926256682761,127.029588346617,서울,False,True,True,1,True,False,False,False,OK,LOW,PENDING,
도깨비,북촌사진관앞,서울특별시 종로구 윤보선길 65,37.5788366254905,126.983084235288,서울,False,True,True,1,True,False,False,False,OK,LOW,PENDING,
도깨비,서브웨이,서울특별시 영등포구 국회대로62길 25,37.5263197292677,126.917717417376,서울,False,True,True,1,True,False,False,False,OK,LOW,PENDING,
도깨비,세빛섬,서울특별시 서초구 올림픽대로 683,37.512019,126.9953,서울,True,False,True,1,True,False,False,False,OK,LOW,PENDING,
도깨비,세탁소,서울특별시 강남구 선릉로115길 27,37.5116646413142,127.040779110094,서울,False,True,True,1,True,False,False,False,OK,LOW,PENDING,
도깨비,스페이스청담,서울특별시 강남구 선릉로152길 30,37.524199,127.04193,서울,True,False,True,1,True,False,False,False,OK,LOW,PENDING,
도깨비,쌈지길,서울특별시 종로구 인사동길 44,37.574295,126.98487,서울,True,False,True,1,True,False,False,False,OK,LOW,PENDING,
도깨비,여의도 금호 리첸시아,서울특별시 영등포구 여의동로 213,37.51852,126.9397,서울,True,False,True,1,True,False,False,False,OK,LOW,PENDING,
도깨비,용답역 인도교,서울특별시 성동구 살곶이길 159,37.562188,127.049238,서울,True,False,True,1,True,False,False,False,OK,LOW,PENDING,
도깨비,윤보선길,서울특별시 종로구 윤보선길,37.577559,126.98376,서울,True,False,True,1,True,False,False,False,OK,LOW,PENDING,
도깨비,이태원로 254,서울특별시 용산구 이태원로 254,37.53721,127.0012,서울,True,False,True,1,True,False,False,False,OK,LOW,PENDING,
도깨비,인사동,서울특별시 종로구 인사동길 53-2,37.5747921609347,126.983790968558,서울,False,True,True,1,True,False,False,False,OK,LOW,PENDING,
도깨비,인사동길,서울특별시 종로구 인사동길 26-1,37.573114,126.9862,서울,True,False,True,1,True,False,False,False,OK,LOW,PENDING,
도깨비,재래식소금구이,서울특별시 용산구 원효로48길 11-7,37.5346051533826,126.961079881274,서울,False,True,True,1,True,False,False,False,OK,LOW,PENDING,
도깨비,조선어학회터,서울특별시 종로구 윤보선길 69,37.5790869375042,126.983195350024,서울,False,True,True,1,True,False,False,False,OK,LOW,PENDING,
도깨비,중앙고앞,서울특별시 종로구 계동길 125,37.5829353569545,126.986776153377,서울,False,True,True,1,True,False,False,False,OK,LOW,PENDING,
도깨비,창신동골목,서울특별시 종로구 창신동 23-407,37.5763776907872,127.012880241673,서울,False,True,True,1,True,False,False,False,OK,LOW,PENDING,
도깨비,창신동주차장,서울특별시 종로구 창신동 23-348,37.575984371389,127.012367923872,서울,False,True,True,1,True,False,False,False,OK,LOW,PENDING,
도깨비,창신동집,서울특별시 종로구 창신동 23-660,37.5759716162864,127.011989705819,서울,False,True,True,1,True,False,False,False,OK,LOW,PENDING,
도깨비,커피방앗간,서울특별시 종로구 북촌로5가길 8-11,37.580326330645,126.982478672225,서울,False,True,True,1,True,False,False,False,OK,LOW,PENDING,
도깨비,한국은행앞,서울특별시 중구 남대문로 39,37.5625151968969,126.97972353038,서울,False,True,True,1,True,False,False,False,OK,LOW,PENDING,
도깨비,홍익대부속중고등학교입구,서울특별시 성북구 성북로 66,37.593392915784,127.001707407201,서울,False,True,True,1,True,False,False,False,OK,LOW,PENDING,
도깨비,환일고등학교,서울특별시 마포구 환일길 48,37.5540912733662,126.960892410346,서울,False,True,True,1,True,False,False,False,OK,LOW,PENDING,
런온,감고당길,서울특별시 종로구 송현동 34-2,37.5779349801488,126.982329119594,서울,False,True,True,1,True,False,False,False,OK,LOW,PENDING,
런온,구립은행나무어린이집,서울특별시 종로구 낙산5길 33,37.5787574116547,127.010947727436,서울,False,True,True,1,True,False,False,False,OK,LOW,PENDING,
런온,그랜드 워커힐 서울,서울특별시 광진구 워커힐로 177,37.555208,127.111341,서울,True,False,True,1,True,False,False,False,OK,LOW,PENDING,
런온,녹사평 육교,서울특별시 용산구 녹사평대로 195,37.534758,126.98656,서울,True,False,True,1,True,False,False,False,OK,LOW,PENDING,
런온,덕성여고앞,서울특별시 종로구 송현동 34-4,37.5784115837992,126.982181043967,서울,False,True,True,1,True,False,False,False,OK,LOW,PENDING,
런온,덕수궁 돌담길,서울특별시 중구 세종대로 99,37.565924,126.97501,서울,True,False,True,1,True,False,False,False,OK,LOW,PENDING,
런온,덕수궁돌담길,서울특별시 중구 세종대로 지하 101,37.5654385176408,126.976983237511,서울,False,True,True,1,True,False,False,False,OK,LOW,PENDING,
런온,덕원식당,서울특별시 영등포구 버드나루로6길 6,37.5222939202961,126.912034681439,서울,False,True,True,1,True,False,False,False,OK,LOW,PENDING,
런온,롤랑,서울특별시 종로구 평창42길 31,37.6133222908193,126.978854056548,서울,False,True,True,1,True,False,False,False,OK,LOW,PENDING,
런온,마들원,서울특별시 노원구 공릉로62길 27-11,37.636415483349,127.071296861429,서울,False,True,True,1,True,False,False,False,OK,LOW,PENDING,
런온,명동성당앞,서울특별시 중구 명동길 83,37.5645127075963,126.986706631229,서울,False,True,True,1,True,False,False,False,OK,LOW,PENDING,
런온,명동예술극장,서울특별시 중구 명동길 35,37.5640414482615,126.984202014061,서울,False,True,True,1,True,False,False,False,OK,LOW,PENDING,
런온,반포대교,서울특별시 서초구 반포동 반포대교,37.512187,126.9976,서울,True,False,True,1,True,False,False,False,OK,LOW,PENDING,
런온,백범광장,서울특별시 중구 회현동1가 100-115,37.5549251395326,126.979914019349,서울,False,True,True,1,True,False,False,False,OK,LOW,PENDING,
런온,산업은행뒤,서울특별시 영등포구 여의도동 2-11,37.5256978974636,126.924240629895,서울,False,True,True,1,True,False,False,False,OK,LOW,PENDING,
런온,서울한양도성 서울성곽길 남산(목멱산)구간,서울특별시 중구 남창동 205-179,37.564486,127.01016,서울,True,False,True,1,True,False,False,False,OK,LOW,PENDING,
런온,아크앤북,서울특별시 중구 을지로 29,37.5664884462972,126.981025044659,서울,False,True,True,1,True,False,False,False,OK,LOW,PENDING,
런온,엘빈에비뉴라운지,서울특별시 강남구 강남대로92길 13,37.4990249,127.02849,서울,True,False,True,1,True,False,False,False,OK,LOW,PENDING,
런온,우리옛돌박물관,서울특별시 성북구 대사관로13길 66,37.6008969621021,126.990133889221,서울,False,True,True,1,True,False,False,False,OK,LOW,PENDING,
런온,정미용실,서울특별시 용산구 후암로13길 13,37.5475224866702,126.977625732772,서울,False,True,True,1,True,False,False,False,OK,LOW,PENDING,
런온,정우당,서울특별시 중구 퇴계로56길 31,37.5623946916998,127.006171576723,서울,False,True,True,1,True,False,False,False,OK,LOW,PENDING,
런온,주차장,서울특별시 강남구 논현로105길 79,37.5045628641686,127.027971140082,서울,False,True,True,1,True,False,False,False,OK,LOW,PENDING,
런온,평창동 맨션 446-21,서울특별시 종로구 평창7길 22,37.615788,126.97569,서울,True,False,True,1,True,False,False,False,OK,LOW,PENDING,
런온,행복한약국(폐업),서울특별시 종로구 자하문로17길 23,37.5812972836748,126.969419159373,서울,False,True,True,1,True,False,False,False,OK,LOW,PENDING,
런온,호우양꼬치,서울특별시 마포구 월드컵북로44길 76,37.5776633052701,126.893823873558,서울,False,True,True,1,True,False,False,False,OK,LOW,PENDING,
런온,홍제교,서울특별시 서대문구 홍은동 9-685,37.5985266011646,126.948037423287,서울,False,True,True,1,True,False,False,False,OK,LOW,PENDING,
런온,홍제동집,서울특별시 서대문구 간호대로4길 26,37.5979516814649,126.947635716054,서울,False,True,True,1,True,False,False,False,OK,LOW,PENDING,
미생,KT&G,서울특별시 강남구 대치동 1002,37.5066089575736,127.065369749881,서울,False,True,True,1,True,False,False,False,OK,LOW,PENDING,
미생,덕수궁 돌담길,서울특별시 중구 세종대로 99,37.565924,126.97501,서울,True,False,True,1,True,False,False,False,OK,LOW,PENDING,
미생,덕수궁돌담길,서울특별시 중구 정동 5-14,37.5670197292675,126.973381583714,서울,False,True,True,1,True,False,False,False,OK,LOW,PENDING,
미생,동아아파트11동,서울특별시 성동구 성수동1가 656-320,37.5443783872845,127.04595018797,서울,False,True,True,1,True,False,False,False,OK,LOW,PENDING,
미생,미니스톱(싸다김밥),서울특별시 송파구 백제고분로7길 8,37.5102927858681,127.079639816563,서울,False,True,True,1,True,False,False,False,OK,LOW,PENDING,
미생,산마루놀이터,서울특별시 종로구 창신동 23-350,37.5755712613063,127.012406910861,서울,False,True,True,1,True,False,False,False,OK,LOW,PENDING,
미생,산마루놀이터가기전,서울특별시 종로구 창신6가길 23,37.57520600339,127.012356474814,서울,False,True,True,1,True,False,False,False,OK,LOW,PENDING,
미생,서강껍데기,서울특별시 용산구 이촌로 9,37.5307987308555,126.95485416958,서울,False,True,True,1,True,False,False,False,OK,LOW,PENDING,
미생,시범아파트,서울특별시 영등포구 여의도동 6,37.5192574697941,126.93753066563,서울,False,True,True,1,True,False,False,False,OK,LOW,PENDING,
미생,시청앞버정,서울특별시 중구 세종대로 73,37.5629636377183,126.975961940855,서울,False,True,True,1,True,False,False,False,OK,LOW,PENDING,
미생,실로암사우나,서울특별시 중구 중림로 51,37.5573501642271,126.968690247227,서울,False,True,True,1,True,False,False,False,OK,LOW,PENDING,
미생,쌍대포소금구이,서울특별시 용산구 청파로 291,37.5455836506879,126.970011767483,서울,False,True,True,1,True,False,False,False,OK,LOW,PENDING,
미생,아우성(한사발),서울특별시 서대문구 연세로5나길 30-6,37.557204313578,126.934793189268,서울,False,True,True,1,True,False,False,False,OK,LOW,PENDING,
미생,여의도한강공원,서울특별시 영등포구 여의도동 86-8,37.5240917276975,126.939468894617,서울,False,True,True,1,True,False,False,False,OK,LOW,PENDING,
미생,용문시장,서울특별시 용산구 효창원로42길 35,37.5358849743604,126.960655605831,서울,False,True,True,1,True,False,False,False,OK,LOW,PENDING,
미생,원효대교,서울특별시 영등포구 여의도동 원효대교,37.527046,126.94571,서울,True,False,True,1,True,False,False,False,OK,LOW,PENDING,
미생,창신동계단,서울특별시 종로구 지봉로13가길 62,37.5763833676695,127.012874582399,서울,False,True,True,1,True,False,False,False,OK,LOW,PENDING,
미생,창신동집,서울특별시 종로구 지봉로13가길,37.5712152974044,127.015566880827,서울,False,True,True,1,True,False,False,False,OK,LOW,PENDING,
미생,창신초옆,서울특별시 종로구 지봉로11길 4,37.5768156652436,127.015148053503,서울,False,True,True,1,True,False,False,False,OK,LOW,PENDING,
미생,투썸충정로역점,서울특별시 서대문구 충정로 13,37.5605682920373,126.962621148724,서울,False,True,True,1,True,False,False,False,OK,LOW,PENDING,
미생,한국기원,서울특별시 성동구 마장로 210,37.566210817703,127.03302839715,서울,False,True,True,1,True,False,False,False,OK,LOW,PENDING,
미생,화통집(화담),서울특별시 송파구 올림픽로8길 12,37.5105567979224,127.080013458382,서울,False,True,True,1,True,False,False,False,OK,LOW,PENDING,
빈센조,IFC서울,서울특별시 영등포구 국제금융로 10,37.525023,126.92565,서울,True,False,True,1,True,False,False,False,OK,LOW,PENDING,
빈센조,JW메리어트 동대문스퀘어서울,서울특별시 종로구 청계천로 279,37.5703776,127.008887,서울,True,False,True,1,True,False,False,False,OK,LOW,PENDING,
빈센조,노들섬,서울특별시 용산구 양녕로 445,37.5181029,126.957064,서울,True,False,True,1,True,False,False,False,OK,LOW,PENDING,
빈센조,대원정사,서울특별시 용산구 두텁바위로60길 49,37.5492487556727,126.983354709318,서울,False,True,True,1,True,False,False,False,OK,LOW,PENDING,
빈센조,레스케이프 호텔,"서울특별시 중구 퇴계로 67 에이케이타워 B동 지하 8층, 6~25층",37.5597171,126.979505,서울,True,False,True,1,True,False,False,False,OK,LOW,PENDING,
빈센조,명보빌딩,서울특별시 용산구 이태원로 251 스트라디움빌딩,37.537287,127.00047,서울,True,False,True,1,True,False,False,False,OK,LOW,PENDING,
빈센조,"밤,노을",서울특별시 용산구 이촌로29길 25-1,37.5248536150016,126.960271450634,서울,False,True,True,1,True,False,False,False,OK,LOW,PENDING,
빈센조,보테카라운지,서울특별시 강남구 도산대로 502,37.5239327142558,127.047945061418,서울,False,True,True,1,True,False,False,False,OK,LOW,PENDING,
빈센조,부암동 7번지,서울특별시 종로구 북악산로 147,37.598022,126.97348,서울,True,False,True,1,True,False,False,False,OK,LOW,PENDING,
빈센조,삼성리,서울특별시 강남구 봉은사로86길 28,37.511571,127.05676,서울,True,False,True,1,True,False,False,False,OK,LOW,PENDING,
빈센조,샛강다리,서울특별시 영등포구 여의도동 39,37.518721284942,126.919386331457,서울,False,True,True,1,True,False,False,False,OK,LOW,PENDING,
빈센조,서강8경,서울특별시 마포구 토정로 128 8층,37.544923,126.92535,서울,True,False,True,1,True,False,False,False,OK,LOW,PENDING,
빈센조,서울드래곤시티,서울특별시 용산구 청파로20길 95,37.531844,126.96306,서울,True,False,True,1,True,False,False,False,OK,LOW,PENDING,
빈센조,서울시티클럽,서울특별시 영등포구 여의공원로 101 C.C.M.M빌딩,37.529282,126.92486,서울,True,False,True,1,True,False,False,False,OK,LOW,PENDING,
빈센조,세운상가,서울특별시 종로구 청계천로 159,37.5692814302828,126.995239727442,서울,False,True,True,1,True,False,False,False,OK,LOW,PENDING,
빈센조,스와로브스키,서울특별시 강남구 가로수길 59,37.5218897968686,127.022521249316,서울,False,True,True,1,True,False,False,False,OK,LOW,PENDING,
빈센조,신세계센트럴시티,서울특별시 서초구 신반포로 176,37.5043439,127.003599,서울,True,False,True,1,True,False,False,False,OK,LOW,PENDING,
빈센조,쌍대포소금구이 본점,서울특별시 용산구 청파로 291,37.545541,126.97006,서울,True,False,True,1,True,False,False,False,OK,LOW,PENDING,
빈센조,여의도 금호 리첸시아,서울특별시 영등포구 여의동로 213,37.51852,126.9397,서울,True,False,True,1,True,False,False,False,OK,LOW,PENDING,
빈센조,청계상가,서울특별시 중구 청계천로 160,37.568177,126.99533,서울,True,False,True,1,True,False,False,False,OK,LOW,PENDING,
빈센조,청계천,서울특별시 종로구 서린동 148,37.569205,126.97791,서울,True,False,True,1,True,False,False,False,OK,LOW,PENDING,
빈센조,콘래드 서울 호텔,서울특별시 영등포구 국제금융로 10 서울 국제금융 센터,37.525497,126.92681,서울,True,False,True,1,True,False,False,False,OK,LOW,PENDING,
빈센조,평창동집,서울특별시 종로구 평창동 (민간주택이라 주소공개X),37.6063916960375,126.968357810931,서울,False,True,True,1,True,False,False,False,OK,LOW,PENDING,
빈센조,포시즌스호텔,서울특별시 종로구 새문안로 97,37.57065,126.9754,서울,True,False,True,1,True,False,False,False,OK,LOW,PENDING,
빈센조,한국은행화폐박물관,서울특별시 중구 남대문로 39,37.5621318,126.979968,서울,True,False,True,1,True,False,False,False,OK,LOW,PENDING,
빈센조,한국의 집,서울특별시 중구 퇴계로36길 10,37.560304,126.99471,서울,True,False,True,1,True,False,False,False,OK,LOW,PENDING,
빈센조,화이트365,서울특별시 영등포구 양평로20길 3,37.5376150656282,126.895430222416,서울,False,True,True,1,True,False,False,False,OK,LOW,PENDING,
빈센조,회기로28길,서울특별시 동대문구 회기로28길,37.588936,127.05699,서울,True,False,True,1,True,False,False,False,OK,LOW,PENDING,
사내맞선,CU마포망원점,서울특별시 마포구 월드컵로31길 11,37.5615485218897,126.90409972646,서울,False,True,True,1,True,False,False,False,OK,LOW,PENDING,
사내맞선,LA갈비,서울특별시 마포구 방울내로11길 35,37.5621629208278,126.903558374655,서울,False,True,True,1,True,False,False,False,OK,LOW,PENDING,
사내맞선,가온문화공원,서울특별시 마포구 상암동 1594,37.58181,126.88765,서울,True,False,True,1,True,False,False,False,OK,LOW,PENDING,
사내맞선,감고당길,서울특별시 종로구 송현동 57-1,37.5762673114647,126.982815502148,서울,False,True,True,1,True,False,False,False,OK,LOW,PENDING,
사내맞선,그랜드 워커힐 서울,서울특별시 광진구 워커힐로 177,37.555208,127.111341,서울,True,False,True,1,True,False,False,False,OK,LOW,PENDING,
사내맞선,남산타워,서울특별시 용산구 남산공원길 105,37.5511225714939,126.987867837993,서울,False,True,True,1,True,False,False,False,OK,LOW,PENDING,
사내맞선,돈치킨,서울특별시 마포구 방울내로11길 14,37.5614555194529,126.904520205121,서울,False,True,True,1,True,False,False,False,OK,LOW,PENDING,
사내맞선,롯데월드,서울특별시 송파구 올림픽로 240,37.5112601,127.097998,서울,True,False,True,1,True,False,False,False,OK,LOW,PENDING,
사내맞선,샤론미용실앞,서울특별시 마포구 망원로11길 27-10,37.5588540821322,126.906105759736,서울,False,True,True,1,True,False,False,False,OK,LOW,PENDING,
사내맞선,서울공예박물관앞,서울특별시 종로구 율곡로3길 4,37.576611194995,126.983261339115,서울,False,True,True,1,True,False,False,False,OK,LOW,PENDING,
사내맞선,서울집,서울특별시 금천구 시흥대로122길 24,37.4692138544847,126.899527758635,서울,False,True,True,1,True,False,False,False,OK,LOW,PENDING,
사내맞선,소월로,서울특별시 용산구 후암동 소월로,37.544714,126.99091,서울,True,False,True,1,True,False,False,False,OK,LOW,PENDING,
사내맞선,스위스 그랜드 호텔,서울특별시 서대문구 연희로 353,37.588838,126.93403,서울,True,False,True,1,True,False,False,False,OK,LOW,PENDING,
사내맞선,율곡로3길,서울특별시 종로구 율곡로3길,37.577811,126.98239,서울,True,False,True,1,True,False,False,False,OK,LOW,PENDING,
사내맞선,이태리타올,서울특별시 마포구 와우산로3길 47,37.5455420963692,126.920440950228,서울,False,True,True,1,True,False,False,False,OK,LOW,PENDING,
사내맞선,참농,서울특별시 마포구 망원로11길 29,37.5589612033156,126.906323381008,서울,False,True,True,1,True,False,False,False,OK,LOW,PENDING,
사내맞선,청담드메르,서울특별시 강남구 도산대로 452,37.5236304940728,127.045733608353,서울,False,True,True,1,True,False,False,False,OK,LOW,PENDING,
사내맞선,코엑스,서울특별시 강남구 영동대로 513,37.510177,127.05866,서울,True,False,True,1,True,False,False,False,OK,LOW,PENDING,
사내맞선,한국의 집,서울특별시 중구 퇴계로36길 10,37.560304,126.99471,서울,True,False,True,1,True,False,False,False,OK,LOW,PENDING,
스타트업,DMC문화공원,서울특별시 마포구 월드컵북로 366,37.577736,126.89216,서울,True,False,True,1,True,False,False,False,OK,LOW,PENDING,
스타트업,꽃게놀이터,서울특별시 용산구 이촌동 408,37.5213357310496,126.975042386487,서울,False,True,True,1,True,False,False,False,OK,LOW,PENDING,
스타트업,동아디지털미디어센터,서울특별시 마포구 상암동 1707,37.578922697544,126.892610071506,서울,False,True,True,1,True,False,False,False,OK,LOW,PENDING,
스타트업,동작대교,서울특별시 용산구 이촌동 동작대교,37.51041,126.981893,서울,True,False,True,1,True,False,False,False,OK,LOW,PENDING,
스타트업,망향비빔국수,서울특별시 서대문구 연희로 60,37.5636560470216,126.928807510227,서울,False,True,True,1,True,False,False,False,OK,LOW,PENDING,
스타트업,문화의마당,서울특별시 영등포구 여의공원로 68,37.5268088229325,126.922284053463,서울,False,True,True,1,True,False,False,False,OK,LOW,PENDING,
스타트업,물빛광장,서울특별시 영등포구 여의도동 84-9,37.5312466908117,126.928686496763,서울,False,True,True,1,True,False,False,False,OK,LOW,PENDING,
스타트업,물빛무대,서울특별시 영등포구 여의도동 84-1,37.5328789407917,126.929129692926,서울,False,True,True,1,True,False,False,False,OK,LOW,PENDING,
스타트업,범한기술원,서울특별시 강서구 마곡중앙8로 68,37.56091,126.8348,서울,True,False,True,1,True,False,False,False,OK,LOW,PENDING,
스타트업,벚꽃길,서울특별시 마포구 희우정로 41,37.5505942246938,126.906606357367,서울,False,True,True,1,True,False,False,False,OK,LOW,PENDING,
스타트업,산업은행본점버정,서울특별시 영등포구 은행로 17,37.5283097791736,126.92075871709,서울,False,True,True,1,True,False,False,False,OK,LOW,PENDING,
스타트업,상암문화비축기치,서울특별시 마포구 증산로 87,37.5703466887615,126.895031420115,서울,False,True,True,1,True,False,False,False,OK,LOW,PENDING,
스타트업,서강대교,서울특별시 영등포구 여의도동 서강대교,37.536911,126.92495,서울,True,False,True,1,True,False,False,False,OK,LOW,PENDING,
스타트업,서울 평창동 맨션 378-1,서울특별시 종로구 평창11길 51,37.609921,126.96608,서울,True,False,True,1,True,False,False,False,OK,LOW,PENDING,
스타트업,서울마리나,서울특별시 영등포구 여의서로 160,37.5348146214224,126.911584379863,서울,False,True,True,1,True,False,False,False,OK,LOW,PENDING,
스타트업,수색교,서울특별시 마포구 상암동 784,37.586239029828,126.886353106182,서울,False,True,True,1,True,False,False,False,OK,LOW,PENDING,
스타트업,스위스그랜드호텔,서울특별시 서대문구 연희로 353,37.5893782439197,126.935518414726,서울,False,True,True,1,True,False,False,False,OK,LOW,PENDING,
스타트업,스테이트 타워 남산,서울특별시 중구 퇴계로 100,37.560342,126.98297,서울,True,False,True,1,True,False,False,False,OK,LOW,PENDING,
스타트업,신영빌딩,서울특별시 강남구 영동대로 731,37.52322,127.055,서울,True,False,True,1,True,False,False,False,OK,LOW,PENDING,
스타트업,아크앤북,서울특별시 중구 을지로 29,37.5294186076,127.0739939307,서울,False,True,True,1,True,False,False,False,OK,LOW,PENDING,
스타트업,어반하이브,서울특별시 강남구 강남대로 476,37.50487,127.0248,서울,True,False,True,1,True,False,False,False,OK,LOW,PENDING,
스타트업,연세로 9길 빌딩 14,서울특별시 서대문구 연세로9길 14,37.5586108,126.935989,서울,True,False,True,1,True,False,False,False,OK,LOW,PENDING,
스타트업,코다차야,서울특별시 마포구 와우산로 48,37.5485560282385,126.923441090646,서울,False,True,True,1,True,False,False,False,OK,LOW,PENDING,
스타트업,코트야드 메리어트 서울 남대문,서울특별시 중구 남대문로 9,37.56105,126.977,서울,True,False,True,1,True,False,False,False,OK,LOW,PENDING,
스타트업,콘래드 서울 호텔,서울특별시 영등포구 국제금융로 10 서울 국제금융 센터,37.525497,126.92681,서울,True,False,True,1,True,False,False,False,OK,LOW,PENDING,
스타트업,투썸플레이스,서울특별시 강남구 테헤란로27길 16,37.5024390869462,127.03803033567,서울,False,True,True,1,True,False,False,False,OK,LOW,PENDING,
스타트업,파르나스타워,서울특별시 강남구 테헤란로 521,37.50947,127.0614,서울,True,False,True,1,True,False,False,False,OK,LOW,PENDING,
스타트업,한강철교,서울특별시 용산구 이촌동 한강철교,37.51938,126.9512,서울,True,False,True,1,True,False,False,False,OK,LOW,PENDING,
스타트업,한국수출입은행,서울특별시 영등포구 여의도동 1-2,37.5304904287538,126.922456838459,서울,False,True,True,1,True,False,False,False,OK,LOW,PENDING,
스타트업,합정돈,서울특별시 마포구 희우정로 47,37.5509582402804,126.906167382846,서울,False,True,True,1,True,False,False,False,OK,LOW,PENDING,
알고있지만,감고당길,서울특별시 종로구 안국동 175-91,37.5766122831281,126.982684783861,서울,False,True,True,1,True,False,False,False,OK,LOW,PENDING,
알고있지만,경주식당,서울특별시 마포구 와우산로13길 49-7,37.548391,126.921111,서울,True,False,True,1,True,False,False,False,OK,LOW,PENDING,
알고있지만,곤밥,서울특별시 마포구 토정로 105,37.5452179898429,126.922583938848,서울,False,True,True,1,True,False,False,False,OK,LOW,PENDING,
알고있지만,골목집화로구이/한대포,서울특별시 용산구 한강대로39길 12-12,37.5311936150392,126.968696545683,서울,False,True,True,1,True,False,False,False,OK,LOW,PENDING,
알고있지만,그대와인,서울특별시 마포구 어울마당로5길 52,37.5500841490734,126.917980890058,서울,False,True,True,1,True,False,False,False,OK,LOW,PENDING,
알고있지만,데이즈쇼룸,서울특별시 용산구 대사관로5길 29,37.5355235596572,127.000127512435,서울,False,True,True,1,True,False,False,False,OK,LOW,PENDING,
알고있지만,디벙크,서울특별시 마포구 성지1길 30 지하 2층,37.547921,126.91513,서울,True,False,True,1,True,False,False,False,OK,LOW,PENDING,
알고있지만,모노블럭,서울특별시 마포구 와우산로23길 14,37.553715,126.92444,서울,True,False,True,1,True,False,False,False,OK,LOW,PENDING,
알고있지만,미미옥,서울특별시 용산구 한강대로15길 27,37.526282574268,126.962950612322,서울,False,True,True,1,True,False,False,False,OK,LOW,PENDING,
알고있지만,버들골이야기,서울특별시 용산구 보광로59길 14-1,37.5340576174873,126.993228622588,서울,False,True,True,1,True,False,False,False,OK,LOW,PENDING,
알고있지만,북파크라운지,서울특별시 용산구 이태원로 294,37.540857,127.0024,서울,True,False,True,1,True,False,False,False,OK,LOW,PENDING,
알고있지만,빈티지샵,서울특별시 용산구 우사단로10길 114,37.5313086701559,127.001269169475,서울,False,True,True,1,True,False,False,False,OK,LOW,PENDING,
알고있지만,산울림소극장버정,서울특별시 마포구 와우산로 150-1,37.5543475203291,126.929916734385,서울,False,True,True,1,True,False,False,False,OK,LOW,PENDING,
알고있지만,샛별빌라,서울특별시 마포구 독막로19길 20-15,37.5486856115765,126.925586078012,서울,False,True,True,1,True,False,False,False,OK,LOW,PENDING,
알고있지만,수금속,서울특별시 영등포구 도림로126길 7-1,37.5140612633642,126.897078542639,서울,False,True,True,1,True,False,False,False,OK,LOW,PENDING,
알고있지만,신용산지하차도,서울특별시 용산구 한강로2가 2-367,37.5311436590552,126.966259151177,서울,False,True,True,1,True,False,False,False,OK,LOW,PENDING,
알고있지만,어항로,서울특별시 용산구 한강대로52길 17-4,37.5321224653201,126.972338072963,서울,False,True,True,1,True,False,False,False,OK,LOW,PENDING,
알고있지만,와우산로,서울특별시 마포구 서교동 406,37.552359,126.92372,서울,True,False,True,1,True,False,False,False,OK,LOW,PENDING,
알고있지만,우장산힐스테이트,서울특별시 강서구 강서로52길 34,37.5575082266816,126.839764460303,서울,False,True,True,1,True,False,False,False,OK,LOW,PENDING,
알고있지만,율곡로3길,서울특별시 종로구 율곡로3길,37.577811,126.98239,서울,True,False,True,1,True,False,False,False,OK,LOW,PENDING,
알고있지만,이태원국민은행,서울특별시 용산구 보광로 127,37.5340837736296,126.993719313035,서울,False,True,True,1,True,False,False,False,OK,LOW,PENDING,
알고있지만,전주콩나물국밥,서울특별시 마포구 독막로 35,37.5483126206306,126.917484463348,서울,False,True,True,1,True,False,False,False,OK,LOW,PENDING,
알고있지만,트랙,서울특별시 마포구 잔다리로 20-5,37.551131,126.9206,서울,True,False,True,1,True,False,False,False,OK,LOW,PENDING,
알고있지만,포토바이,서울특별시 마포구 와우산로27길 50,37.5550532501778,126.925897196326,서울,False,True,True,1,True,False,False,False,OK,LOW,PENDING,
알고있지만,한담곱창,서울특별시 용산구 새창로 209,37.5306746289878,126.967007530253,서울,False,True,True,1,True,False,False,False,OK,LOW,PENDING,
알고있지만,호미화방,서울특별시 마포구 홍익로3길 20,37.5535160625816,126.921715374089,서울,False,True,True,1,True,False,False,False,OK,LOW,PENDING,
여신강림,GS25 종로안국점,서울특별시 종로구 율곡로 61,37.5769376128622,126.985928056841,서울,False,True,True,1,True,False,False,False,OK,LOW,PENDING,
여신강림,감사원버정,서울특별시 종로구 북촌로 109,37.5862172839627,126.985010927039,서울,False,True,True,1,True,False,False,False,OK,LOW,PENDING,
여신강림,경복궁.국립민속박물관맞은편,서울특별시 종로구 소격동 57-2,37.5802208963847,126.980091985892,서울,False,True,True,1,True,False,False,False,OK,LOW,PENDING,
여신강림,구룡근린공원,서울특별시 마포구 월드컵북로 456,37.582996,126.88385,서울,True,False,True,1,True,False,False,False,OK,LOW,PENDING,
여신강림,글렌페딕,서울특별시 강남구 압구정로50길 14,37.527428747103,127.037875584648,서울,False,True,True,1,True,False,False,False,OK,LOW,PENDING,
여신강림,남산 케이블카,서울특별시 중구 소파로 83,37.556593,126.98404,서울,True,False,True,1,True,False,False,False,OK,LOW,PENDING,
여신강림,네이처리퍼블릭,서울특별시 서대문구 이화여대길 83,37.5590510105049,126.943753076806,서울,False,True,True,1,True,False,False,False,OK,LOW,PENDING,
여신강림,노들섬,서울특별시 용산구 양녕로 445,37.5176638307111,126.958036465507,서울,False,True,True,1,True,False,False,False,OK,LOW,PENDING,
여신강림,대림상가,서울특별시 중구 을지로 157,37.5675035,126.995406,서울,True,False,True,1,True,False,False,False,OK,LOW,PENDING,
여신강림,대학로,서울특별시 종로구 동숭동 대학로,37.60615,126.96815,서울,True,False,True,1,True,False,False,False,OK,LOW,PENDING,
여신강림,더샘이대점,서울특별시 서대문구 이화여대길 63,37.5590647182941,126.944926617646,서울,False,True,True,1,True,False,False,False,OK,LOW,PENDING,
여신강림,동아디지털미디어센터옆,서울특별시 마포구 상암동 1708,37.5783198836058,126.893550562991,서울,False,True,True,1,True,False,False,False,OK,LOW,PENDING,
여신강림,드래곤힐스파,서울특별시 용산구 한강대로21나길 40,37.554719,126.97065,서울,True,False,True,1,True,False,False,False,OK,LOW,PENDING,
여신강림,디벙크,서울특별시 마포구 성지1길 30 지하 2층,37.547921,126.91513,서울,True,False,True,1,True,False,False,False,OK,LOW,PENDING,
여신강림,땡초,서울특별시 마포구 어울마당로 151,37.5567800097903,126.926615508,서울,False,True,True,1,True,False,False,False,OK,LOW,PENDING,
여신강림,로얄라운지,서울특별시 강남구 논현로 709,37.5152907715759,127.029788000546,서울,False,True,True,1,True,False,False,False,OK,LOW,PENDING,
여신강림,롯데월드,서울특별시 송파구 올림픽로 240,37.5112601,127.097998,서울,True,False,True,1,True,False,False,False,OK,LOW,PENDING,
여신강림,마리네일홍대점,서울특별시 마포구 와우산로29다길 14,37.5549933639148,126.927542559587,서울,False,True,True,1,True,False,False,False,OK,LOW,PENDING,
여신강림,명동에그드랍,서울특별시 중구 명동8길 8-10,37.5633716339938,126.984100967805,서울,False,True,True,1,True,False,False,False,OK,LOW,PENDING,
여신강림,명동올리브영,서울특별시 중구 명동8길 3,37.5635458389377,126.985116884798,서울,False,True,True,1,True,False,False,False,OK,LOW,PENDING,
여신강림,미니스톱,서울특별시 영등포구 여의도동 2,37.525536061707,126.921593482156,서울,False,True,True,1,True,False,False,False,OK,LOW,PENDING,
여신강림,미래하이빌,서울특별시 마포구 토정로11길 19,37.5457881091832,126.925473875852,서울,False,True,True,1,True,False,False,False,OK,LOW,PENDING,
여신강림,북촌세븐,서울특별시 종로구 윤보선길 78,37.5792754938017,126.983682560965,서울,False,True,True,1,True,False,False,False,OK,LOW,PENDING,
여신강림,성산빌딩,서울특별시 강남구 도산대로53길 39,37.52584,127.0389,서울,True,False,True,1,True,False,False,False,OK,LOW,PENDING,
여신강림,세븐일레븐,서울특별시 종로구 평창11길 17,37.6069645081672,126.965957885154,서울,False,True,True,1,True,False,False,False,OK,LOW,PENDING,
여신강림,손기정체육공원,서울특별시 중구 손기정로 101,37.5554795035057,126.964815746241,서울,False,True,True,1,True,False,False,False,OK,LOW,PENDING,
여신강림,수노래방럭셔리,서울특별시 마포구 어울마당로 67,37.5511572031882,126.921103458554,서울,False,True,True,1,True,False,False,False,OK,LOW,PENDING,
여신강림,숙대옆길,서울특별시 용산구 청파동2가 134-6,37.5455149143834,126.963342129483,서울,False,True,True,1,True,False,False,False,OK,LOW,PENDING,
여신강림,스와로브스키,서울특별시 강남구 가로수길 59,37.5218897968686,127.022521249316,서울,False,True,True,1,True,False,False,False,OK,LOW,PENDING,
여신강림,시몬스갤러리,서울특별시 강남구 논현로 741,37.5180061622503,127.028546492009,서울,False,True,True,1,True,False,False,False,OK,LOW,PENDING,
여신강림,압구정곱떡,서울특별시 강남구 압구정로50길 28,37.5266478506594,127.037303318538,서울,False,True,True,1,True,False,False,False,OK,LOW,PENDING,
여신강림,어바웃복싱,서울특별시 강남구 압구정로 336,37.5280228533373,127.038477520515,서울,False,True,True,1,True,False,False,False,OK,LOW,PENDING,
여신강림,어울마당로,서울특별시 마포구 어울마당로,37.55003,126.92113,서울,True,False,True,1,True,False,False,False,OK,LOW,PENDING,
여신강림,에이바우트커피 강남대치점,서울특별시 강남구 역삼로 415,37.5012890411822,127.052395659668,서울,False,True,True,1,True,False,False,False,OK,LOW,PENDING,
여신강림,에이바우트커피 역삼,서울특별시 강남구 논현로 319,37.4937862941316,127.039877071434,서울,False,True,True,1,True,False,False,False,OK,LOW,PENDING,
여신강림,연세대학교 신촌캠퍼스,서울특별시 서대문구 연세로 50,37.5637563,126.937546,서울,True,False,True,1,True,False,False,False,OK,LOW,PENDING,
여신강림,우리은행버정,서울특별시 강남구 도산대로 513,37.524794163764,127.049471470046,서울,False,True,True,1,True,False,False,False,OK,LOW,PENDING,
여신강림,울프강 스테이크 하우스,서울특별시 강남구 선릉로152길 21,37.5244835,127.041441,서울,True,False,True,1,True,False,False,False,OK,LOW,PENDING,
여신강림,월드컵파크3단지,서울특별시 마포구 상암동 1731-9,37.573684330893,126.886742580716,서울,False,True,True,1,True,False,False,False,OK,LOW,PENDING,
여신강림,위드메이트,서울특별시 종로구 동숭2길 3,37.580834446279,127.004448203886,서울,False,True,True,1,True,False,False,False,OK,LOW,PENDING,
여신강림,윤동주시인문학관앞,서울특별시 종로구 창의문로 119,37.592096942441,126.96706863952,서울,False,True,True,1,True,False,False,False,OK,LOW,PENDING,
여신강림,은행골앞,서울특별시 마포구 어울마당로 143-1,37.5565612669541,126.925781509444,서울,False,True,True,1,True,False,False,False,OK,LOW,PENDING,
여신강림,중앙고등학교,서울특별시 종로구 창덕궁길 164,37.584081,126.986846,서울,True,False,True,1,True,False,False,False,OK,LOW,PENDING,
여신강림,중앙중버정,서울특별시 종로구 계동 1-27,37.5862507034838,126.985677672784,서울,False,True,True,1,True,False,False,False,OK,LOW,PENDING,
여신강림,지리산흑돼지,서울특별시 중구 명동10길 19-27,37.5631717435314,126.985835571048,서울,False,True,True,1,True,False,False,False,OK,LOW,PENDING,
여신강림,착한구두,서울특별시 마포구 와우산로27길 56,37.5551573859415,126.925722693778,서울,False,True,True,1,True,False,False,False,OK,LOW,PENDING,
여신강림,창의문로,서울특별시 종로구 청운동,37.59043,126.9705,서울,True,False,True,1,True,False,False,False,OK,LOW,PENDING,
여신강림,청계상가,서울특별시 중구 청계천로 160,37.568177,126.99533,서울,True,False,True,1,True,False,False,False,OK,LOW,PENDING,
여신강림,청계천옆,서울특별시 종로구 서린동 161,37.5693699473485,126.978059072683,서울,False,True,True,1,True,False,False,False,OK,LOW,PENDING,
여신강림,청운공원,서울특별시 종로구 청운동 6-1,37.588608189346,126.965729043771,서울,False,True,True,1,True,False,False,False,OK,LOW,PENDING,
여신강림,춘지본가,서울특별시 마포구 와우산로25길 28,37.554582813465,126.926143471787,서울,False,True,True,1,True,False,False,False,OK,LOW,PENDING,
여신강림,충무김밥,서울특별시 중구 명동2가 33-4,37.5634236607577,126.985092574237,서울,False,True,True,1,True,False,False,False,OK,LOW,PENDING,
여신강림,커피한약방,서울특별시 종로구 동숭2길 9,37.58088903203,127.004816938156,서울,False,True,True,1,True,False,False,False,OK,LOW,PENDING,
여신강림,콩카페,서울특별시 마포구 성미산로 161-14,37.56534,126.9237,서울,True,False,True,1,True,False,False,False,OK,LOW,PENDING,
여신강림,파쿠모리앞,서울특별시 마포구 어울마당로 132-1,37.5558039911025,126.924804325054,서울,False,True,True,1,True,False,False,False,OK,LOW,PENDING,
여신강림,파티오나인,서울특별시 강남구 논현로 742,37.5182839563241,127.029223038718,서울,False,True,True,1,True,False,False,False,OK,LOW,PENDING,
여신강림,핑크버스,서울특별시 마포구 와우산로27길 31,37.5543916881692,126.926683715941,서울,False,True,True,1,True,False,False,False,OK,LOW,PENDING,
여신강림,회화당,서울특별시 종로구 북촌로11길 33,37.5822496493065,126.983503373512,서울,False,True,True,1,True,False,False,False,OK,LOW,PENDING,
여신강림,효성빌라,서울특별시 종로구 자하문로35길 22,37.5889611713032,126.966897580869,서울,False,True,True,1,True,False,False,False,OK,LOW,PENDING,
여신강림,효창공원,서울특별시 용산구 효창원로 177-18,37.544957405495,126.962290943049,서울,False,True,True,1,True,False,False,False,OK,LOW,PENDING,
오징어게임,기업은행ATM,서울특별시 도봉구 마들로 727-1,37.6751573683212,127.047242707896,서울,False,True,True,1,True,False,False,False,OK,LOW,PENDING,
오징어게임,남산 산책로,서울특별시 중구 예장동 산5-6,37.5518838,126.988065,서울,True,False,True,1,True,False,False,False,OK,LOW,PENDING,
오징어게임,도봉중앙교회,서울특별시 도봉구 우이천로48길 9,37.6559422021376,127.016265526662,서울,False,True,True,1,True,False,False,False,OK,LOW,PENDING,
오징어게임,민지미용실,서울특별시 노원구 한글비석로36길 86,37.6645685658323,127.073676694475,서울,False,True,True,1,True,False,False,False,OK,LOW,PENDING,
오징어게임,배스킨라빈스,서울특별시 영등포구 신길로 71,37.4990973528659,126.908200841307,서울,False,True,True,1,True,False,False,False,OK,LOW,PENDING,
오징어게임,백운시장,서울특별시 도봉구 우이천로 481 1층 백운시장 상인회 사무실,37.65547,127.015,서울,True,False,True,1,True,False,False,False,OK,LOW,PENDING,
오징어게임,상봉버스터미널,서울특별시 중랑구 상봉로 117,37.59597,127.0928,서울,True,False,True,1,True,False,False,False,OK,LOW,PENDING,
오징어게임,여의도역5번출구,서울특별시 영등포구 여의나루로 42,37.521470230225,126.924971147893,서울,False,True,True,1,True,False,False,False,OK,LOW,PENDING,
오징어게임,여의상류IC,서울특별시 영등포구 여의도동 70,37.518060464318,126.942636514056,서울,False,True,True,1,True,False,False,False,OK,LOW,PENDING,
오징어게임,한강 공원 여의도 지구,서울특별시 영등포구 여의동로 290,37.5290674,126.936218,서울,True,False,True,1,True,False,False,False,OK,LOW,PENDING,
오징어게임,한일유엔아이아파트,서울특별시 노원구 노원로28길 62,37.6546142800345,127.071284454336,서울,False,True,True,1,True,False,False,False,OK,LOW,PENDING,
